group,screen,story_id,status,priority,user_story,evidence,gap
Configuration/Agreement,Letter Templates,LT-01,done,High,"As an HR admin, I want to view a list of agreement letter templates with their template type ID, letter type, and description, so that I can see all configured templates at a glanc","templates-tab.tsx table (Template, Document type, Task cols); agreements-tab.tsx agreement templates list",
Configuration/Agreement,Letter Templates,LT-02,done,High,"As an HR admin, I want to open and view an individual letter template via the Task action, so that I can review its content",templates-tab.tsx View action opens template-preview-dialog.tsx (read-only preview),
Configuration/Agreement,Letter Templates,LT-03,partial,Medium,"As an HR admin, I want to refresh the letter templates list, so that I see the most up-to-date templates",kensium-artifacts.ts 'Letter Templates' artifact only; no refresh control in templates-tab.tsx,No refresh/reload action on the templates list UI
Configuration/Agreement,Letter Templates,LT-04,done,Medium,"As an HR admin, I want to switch between the Letter Templates, Certification Questionnaire, and Email Templates tabs, so that I can manage related agreement configurations from one",agreements-tab.tsx tabs Templates/Certification Questionnaire/Acknowledgments; Email Templates in catalogs-tab.tsx,
Configuration/Agreement,Letter Templates,LT-05,partial,Low,"As an HR admin, I want to page through the list and see how many items are displayed, so that I can navigate large sets of templates",templates-tab.tsx shows item count header; no pagination controls,No paging (Next/prev) for the templates list
Configuration/Agreement,Letter Templates,LT-06,done,Low,"As an HR admin, I want to cancel out of the Letter Templates view, so that I can exit without making changes",template-overlay.tsx Cancel button exits without saving; tab navigation leaves view,
Configuration/Alerts,Configure Alerts,ALRT-01,done,High,"As an HR admin, I want to enable time off / attendance alerts when attendance is not recorded, so that employees are reminded to record their attendance","components/alerts-tab.tsx — 'Attendance not recorded' toggle + Firing badge, Admin > Alerts step 2",
Configuration/Alerts,Configure Alerts,ALRT-02,done,Medium,"As an HR admin, I want to enable announcement alerts for employees, so that employees are notified of new announcements","components/alerts-tab.tsx — 'New announcement published' toggle, Admin > Alerts step 2",
Configuration/Alerts,Configure Alerts,ALRT-03,done,Medium,"As an HR admin, I want to enable alerts for pending tasks, so that employees are reminded of tasks awaiting action","components/alerts-tab.tsx — 'Task awaiting action' toggle, Admin > Alerts step 2",
Configuration/Alerts,Configure Alerts,ALRT-04,done,Medium,"As an HR admin, I want to enable alerts for overdue tasks, so that employees are notified when tasks pass their due date","components/alerts-tab.tsx — 'Task past due date' toggle, Admin > Alerts step 2",
Configuration/Alerts,Configure Alerts,ALRT-05,done,High,"As an HR admin, I want to save all alert configuration selections together, so that my alert preferences take effect across the system",alerts-tab.tsx Save button -> saveAlerts (use-notification-settings.ts) applies all toggles atomically,
Configuration/Alerts,Setup,ALRT-01,done,High,"As an HR admin, I want to enable the alerts module, so that alert functionality becomes available across the HRMS",alerts-tab.tsx step 1 'Enable Alerts module' master switch (on),
Configuration/Alerts,Setup,ALRT-02,done,Medium,"As an HR admin, I want to disable the alerts module, so that no alerts are generated when they are not needed",alerts-tab.tsx step 1 master switch off -> 'no alerts generated' save toast + inactive badge,
Configuration/Alerts,Setup,ALRT-03,done,Medium,"As an HR admin, I want to save my setup choice and proceed to the next configuration step, so that I can continue configuring alerts in sequence",alerts-tab.tsx 'Save & Next' button saves setup and advances to Configure Alerts step,
Configuration/Alerts,Setup,ALRT-04,done,Low,"As an HR admin, I want to cancel the setup without saving, so that I can discard changes I did not intend to make",alerts-tab.tsx 'Cancel' button resets draft to last saved config with info toast,
Configuration/Asset Tracking,Asset Categories,ASC-01,done,High,"As an HR admin, I want to view a paginated list of asset categories with their code, maintain-asset-id flag and approximate life, so that I can review all defined categories at a g","config-categories.tsx table: Category ID, Category, Code, maintainAssetIds, approxLifeMonths",No pagination controls (single-page mock list)
Configuration/Asset Tracking,Asset Categories,ASC-02,done,High,"As an HR admin, I want to add a new asset category, so that I can track a new type of company asset",config-categories.tsx 'New Category' dialog -> config.addCategory,
Configuration/Asset Tracking,Asset Categories,ASC-03,done,Medium,"As an HR admin, I want to search asset categories, so that I can quickly find a specific category among many",config-categories.tsx search input 'Search category or code' filters list,
Configuration/Asset Tracking,Asset Categories,ASC-04,done,Low,"As an HR admin, I want to reset my search filters, so that I can return to the full list of asset categories",config-categories.tsx Reset button (line ~104) clears filters,
Configuration/Asset Tracking,Asset Categories,ASC-05,done,Medium,"As an HR admin, I want to edit an existing asset category, so that I can correct its code, life expectancy or maintain-id setting",config-categories.tsx openEdit -> 'Edit category' dialog -> config.updateCategory,
Configuration/Asset Tracking,Asset Categories,ASC-06,partial,Low,"As an HR admin, I want to navigate through pages and refresh the list, so that I can browse and see the latest asset categories",Asset Categories screen artifact in kensium-artifacts.ts; UI list has no paging/refresh,No pagination (Next/page controls) or Refresh action on the category list
Configuration/Asset Tracking,Setup,AST-01,done,High,"As a System admin, I want to enable or disable the asset module via a Yes/No setting, so that I can control whether asset tracking is available in the system",assets/components/config-tab.tsx General tab — 'enable the asset module' Switch (moduleDraft),
Configuration/Asset Tracking,Setup,AST-02,done,High,"As a System admin, I want to save the asset module setting, so that my configuration persists across sessions",config-tab.tsx Save button -> config.setModuleEnabled; use-asset-config.ts persists state,
Configuration/Asset Tracking,Setup,AST-03,partial,Medium,"As a System admin, I want to save and continue to the next configuration step, so that I can complete setup efficiently",Setup exists as engine artifact in kensium-artifacts.ts; config-tab has Save only,No Save & Next wizard-style navigation to next configuration step
Configuration/Asset Tracking,Setup,AST-04,done,Low,"As a System admin, I want to cancel changes on the setup screen, so that I can discard edits I did not intend to keep",config-tab.tsx Cancel button reverts moduleDraft to config.moduleEnabled,
Configuration/Attendance Tracking,Attendance Auditors Group,AAG-01,partial,High,"As an HR admin, I want to add a new attendance auditors group, so that I can define who audits attendance for a location",kensium-artifacts.ts 'Attendance Auditors Group' artifact only,No auditors-group UI (add group/panel) in attendance module
Configuration/Attendance Tracking,Attendance Auditors Group,AAG-02,partial,Medium,"As an HR admin, I want to view auditors groups in a list showing panel name, description and applicable location, so that I can see all configured audit panels at a glance",kensium-artifacts.ts artifact only,"No list of auditor groups (panel name, description, members)"
Configuration/Attendance Tracking,Attendance Auditors Group,AAG-03,partial,Medium,"As an HR admin, I want to edit an existing auditors group, so that I can keep panel membership and locations up to date",kensium-artifacts.ts artifact only,No edit flow for auditor groups
Configuration/Attendance Tracking,Attendance Auditors Group,AAG-04,partial,Low,"As an HR admin, I want to refresh the auditors group list, so that I always see the latest saved panels",kensium-artifacts.ts artifact only,No auditor group list/refresh
Configuration/Attendance Tracking,Audit Configuration Settings,ACS-01,partial,High,"As an HR admin, I want to enable support for attendance audit, so that the organization can run periodic attendance audits",kensium-artifacts.ts 'Audit Configuration Settings' artifact only,No enable-attendance-audit toggle in UI
Configuration/Attendance Tracking,Audit Configuration Settings,ACS-02,partial,Medium,"As an HR admin, I want to choose the method for selecting sample data (e.g. Random), so that audit samples are drawn consistently",kensium-artifacts.ts artifact only,No sample-data selection method setting
Configuration/Attendance Tracking,Audit Configuration Settings,ACS-03,partial,High,"As an HR admin, I want to automatically include habitual violators in each audit, so that repeat offenders are always reviewed",kensium-artifacts.ts artifact only,No habitual-violators inclusion setting
Configuration/Attendance Tracking,Audit Configuration Settings,ACS-04,partial,Medium,"As an HR admin, I want to set the history period and minimum number of reprimands considered, so that habitual violators are identified using clear thresholds",kensium-artifacts.ts artifact only,No history period / min reprimands settings
Configuration/Attendance Tracking,Audit Configuration Settings,ACS-05,partial,Medium,"As an HR admin, I want to limit how many times a user can reschedule an audit and when the employee list can be generated, so that audits run within controlled timeframes",kensium-artifacts.ts artifact only,No reschedule-limit settings
Configuration/Attendance Tracking,Audit Configuration Settings,ACS-06,partial,Low,"As an HR admin, I want to cancel changes to audit configuration, so that I can discard edits I do not want to keep",kensium-artifacts.ts artifact only,No audit config form / cancel action
Configuration/Attendance Tracking,Audit Recurrence Pattern,ARP-01,done,High,"As an HR admin, I want to add a new audit recurrence pattern, so that attendance audits repeat automatically on a defined schedule",attendance/components/config-workflows.tsx — Schedule recurring audit dialog (addAuditPattern),
Configuration/Attendance Tracking,Audit Recurrence Pattern,ARP-02,done,Medium,"As an HR admin, I want to view recurrence patterns with their location and work area, so that I can see when and where audits recur",config-workflows.tsx Audit Recurrence Patterns table with location & work area,
Configuration/Attendance Tracking,Audit Recurrence Pattern,ARP-03,partial,Medium,"As an HR admin, I want to edit an existing recurrence pattern, so that I can adjust audit timing for a location or work area",config-workflows.tsx add-only dialog,No edit of an existing recurrence pattern
Configuration/Attendance Tracking,Audit Recurrence Pattern,ARP-04,done,Low,"As an HR admin, I want to refresh the recurrence pattern list, so that I see the most recent configuration",config-workflows.tsx live-updating pattern list,
Configuration/Attendance Tracking,Break,BRK-01,done,High,"As an HR admin, I want to add a new break with an allowable duration and applicability, so that employee break time is governed by policy","attendance/components/config-policies.tsx — Add Break dialog (duration, applicability)",
Configuration/Attendance Tracking,Break,BRK-02,done,Medium,"As an HR admin, I want to view configured breaks with their allowable duration and applicability, so that I can review break policies","config-policies.tsx Breaks table (allowable minutes, applicability)",
Configuration/Attendance Tracking,Break,BRK-03,partial,Medium,"As an HR admin, I want to edit or view an existing break, so that I can keep break durations and applicability accurate",config-policies.tsx add-only,No edit/view detail for an existing break
Configuration/Attendance Tracking,Break,BRK-04,done,Low,"As an HR admin, I want to refresh the break list, so that I always see the latest break configurations",config-policies.tsx live-updating breaks list,
Configuration/Attendance Tracking,Change Request Approvers,CRA-01,partial,High,"As an HR admin, I want to add a new change request approver, so that attendance change requests are routed to the correct approvers",config-workflows.tsx attendance-correction workflow with approver levels (seed wf-01),No add-new-approver flow; levels are seed-only
Configuration/Attendance Tracking,Change Request Approvers,CRA-02,partial,Medium,"As an HR admin, I want to search approvers by location, department and position, so that I can quickly find the relevant approver configuration",config-workflows.tsx text search over workflows,No location/department/position filter search
Configuration/Attendance Tracking,Change Request Approvers,CRA-03,partial,Low,"As an HR admin, I want to reset the search filters, so that I can clear my selection and view all approvers again",config-workflows.tsx search box clearable,No explicit filter reset for loc/dept/position filters
Configuration/Attendance Tracking,Change Request Approvers,CRA-04,done,Medium,"As an HR admin, I want to set the payroll period date, so that change request approval rules align with the monthly payroll cycle",config-workflows.tsx payroll cutoff day input + saveCutoff (TNA-43),
Configuration/Attendance Tracking,Change Request Approvers,CRA-05,done,Medium,"As an HR admin, I want to enable second level approval for change requests after the payroll date, so that late change requests get additional oversight",config-workflows.tsx L2 approval after payroll cutoff (payrollCutoffDay on correction workflow),
Configuration/Attendance Tracking,Change Request Approvers,CRA-06,partial,Medium,"As an HR admin, I want to save and continue to the next configuration step, so that I can complete the attendance setup flow efficiently",config saved inline via tabs (config-tab.tsx),No save-and-next wizard step navigation
Configuration/Attendance Tracking,Comp Off,CMP-01,done,High,"As an HR admin, I want to enable comp off, so that employees can earn and avail compensatory time off",config-policies.tsx 'Comp off enabled' switch (compOffEnabled),
Configuration/Attendance Tracking,Comp Off,CMP-02,done,High,"As an HR admin, I want to add a new comp off settings template, so that comp off rules can be tailored by employee class",config-policies.tsx Add Template dialog for comp off settings,
Configuration/Attendance Tracking,Comp Off,CMP-03,done,Medium,"As an HR admin, I want to view comp off settings with template name, class specificity, minimum hours and applicability, so that I can review comp off policies","config-policies.tsx comp off table: name, classSpecific, minHoursBeyond",
Configuration/Attendance Tracking,Comp Off,CMP-04,partial,Medium,"As an HR admin, I want to edit or view a comp off settings template, so that I can keep comp off thresholds accurate",config-policies.tsx add-only,No edit/view of an existing comp off template
Configuration/Attendance Tracking,Comp Off,CMP-05,partial,Medium,"As an HR admin, I want to save and continue to the next configuration step, so that I can complete the attendance setup flow",inline save via tabs,No save-and-next wizard navigation
Configuration/Attendance Tracking,Comp Off Approvers,COA-01,partial,High,"As an HR admin, I want to add a new comp off approver, so that compensatory off requests are routed to the correct approvers by location",kensium-artifacts.ts artifact only; WorkflowKind has no comp-off,No comp-off approver workflow/UI
Configuration/Attendance Tracking,Comp Off Approvers,COA-02,partial,Medium,"As an HR admin, I want to view comp off approvers with their locations and approver hierarchy, so that I can verify approval routing",kensium-artifacts.ts artifact only,"No comp-off approver list (locations, hierarchy)"
Configuration/Attendance Tracking,Comp Off Approvers,COA-03,partial,Medium,"As an HR admin, I want to edit an existing comp off approver, so that I can update approvers as the organization changes",kensium-artifacts.ts artifact only,No comp-off approver edit
Configuration/Attendance Tracking,Comp Off Approvers,COA-04,partial,Low,"As an HR admin, I want to refresh the comp off approver list, so that I always see the latest routing configuration",kensium-artifacts.ts artifact only,No comp-off approver list/refresh
Configuration/Attendance Tracking,Email Templates,ET-01,partial,High,"As an HR admin, I want to view the list of attendance email templates with their type and description, so that I know which email notifications exist",kensium-artifacts.ts 'Email Templates' notification-template artifact (placeholder body),No email templates list UI in attendance module
Configuration/Attendance Tracking,Email Templates,ET-02,partial,Medium,"As an HR admin, I want to view the details of an individual email template, so that I can review its content before it is sent",kensium-artifacts.ts artifact only,No template detail view
Configuration/Attendance Tracking,Email Templates,ET-03,partial,Low,"As an HR admin, I want to page through the email templates list, so that I can access all templates beyond the first page",kensium-artifacts.ts artifact only,No paginated template list
Configuration/Attendance Tracking,Email Templates,ET-04,partial,Low,"As an HR admin, I want to refresh the email templates list, so that I always see the latest templates",kensium-artifacts.ts artifact only,No template list/refresh
Configuration/Attendance Tracking,Flexi Schedule Settings,FSS-01,done,High,"As an HR admin, I want to enable flexi schedule settings, so that employees can work flexible schedules",config-policies.tsx 'Flexi scheduling enabled' switch (saveFlexi),
Configuration/Attendance Tracking,Flexi Schedule Settings,FSS-02,done,Medium,"As an HR admin, I want to enable location based flexi schedule settings, so that flexi rules can vary by office location",config-policies.tsx flexi basis select — location,
Configuration/Attendance Tracking,Flexi Schedule Settings,FSS-03,done,Medium,"As an HR admin, I want to enable department based flexi schedule settings, so that flexi rules can vary by department",config-policies.tsx flexi basis select — department,
Configuration/Attendance Tracking,Flexi Schedule Settings,FSS-04,done,Medium,"As an HR admin, I want to enable position based flexi schedule settings, so that flexi rules can vary by position",config-policies.tsx flexi basis select — position,
Configuration/Attendance Tracking,Flexi Schedule Settings,FSS-05,partial,Medium,"As an HR admin, I want to move items between selection lists using the transfer controls, so that I can assign which locations, departments or positions use flexi scheduling",config-policies.tsx checkbox assignment list for flexi groups,Checkbox list instead of dual-list transfer controls
Configuration/Attendance Tracking,Flexi Schedule Settings,FSS-06,partial,Medium,"As an HR admin, I want to save and continue to the next configuration step, so that I can complete the attendance setup flow",inline save via saveFlexi,No save-and-next wizard navigation
Configuration/Attendance Tracking,Notification Templates,NT-01,partial,High,"As an HR admin, I want to view the list of attendance notification templates with their type and description, so that I know which in-app notifications exist",kensium-artifacts.ts 'Notification Templates' artifact (placeholder),No notification templates list UI
Configuration/Attendance Tracking,Notification Templates,NT-02,partial,Medium,"As an HR admin, I want to view the details of an individual notification template, so that I can review its content",kensium-artifacts.ts artifact only,No template detail view
Configuration/Attendance Tracking,Notification Templates,NT-03,partial,Low,"As an HR admin, I want to refresh the notification templates list, so that I always see the latest templates",kensium-artifacts.ts artifact only,No template list/refresh
Configuration/Attendance Tracking,Out Time Request Settings,OTR-01,done,High,"As an HR admin, I want to add new out time request settings, so that personal out time is limited by policy",attendance/components/config-limits.tsx — Add out-time settings dialog,
Configuration/Attendance Tracking,Out Time Request Settings,OTR-02,done,High,"As an HR admin, I want to set the maximum personal out time requests and hours per month, so that out time usage stays within limits",config.ts OutTimeSettings maxRequestsPerMonth/maxHoursPerMonth edited in config-limits dialog,
Configuration/Attendance Tracking,Out Time Request Settings,OTR-03,done,Medium,"As an HR admin, I want to configure out time settings as employee class specific, so that limits can differ by employee class",config-limits.tsx classSpecific toggle + employee class select,
Configuration/Attendance Tracking,Out Time Request Settings,OTR-04,partial,Medium,"As an HR admin, I want to edit existing out time request settings, so that I can adjust limits over time",config-limits.tsx add-only,No edit of existing out-time settings
Configuration/Attendance Tracking,Out Time Request Settings,OTR-05,done,Low,"As an HR admin, I want to refresh the out time request settings list, so that I always see the latest configuration",config-limits.tsx live-updating settings table,
Configuration/Attendance Tracking,Over Time,OT-01,partial,High,"As an HR admin, I want to enable over time, so that employees can log and be approved for overtime work",overtime-tab.tsx + seedOvertimeRules; kensium artifact 'Over Time',No enable-overtime toggle
Configuration/Attendance Tracking,Over Time,OT-02,done,Medium,"As an HR admin, I want to allow over time to be availed on weekly offs and holidays, so that work on non-working days is counted as overtime",config.ts rule-02 holiday/weekly-off OT x2; overtime-tab.tsx Holiday OT,
Configuration/Attendance Tracking,Over Time,OT-03,partial,Medium,"As an HR admin, I want to move items between selection lists using the transfer controls, so that I can define the scope over time applies to",seedOtEligibility in config.ts only,No transfer-list UI to assign OT eligibility
Configuration/Attendance Tracking,Over Time,OT-04,partial,Medium,"As an HR admin, I want to save and continue to the next configuration step, so that I can complete the attendance setup flow",inline save via tabs,No save-and-next wizard navigation
Configuration/Attendance Tracking,Over Time Approvers,OTA-01,partial,High,"As an HR admin, I want to add a new over time approver, so that overtime requests are routed to the correct approvers by location",config-workflows.tsx overtime workflows (wf-02/03) with approver levels,No add-new-OT-approver flow; seed-only
Configuration/Attendance Tracking,Over Time Approvers,OTA-02,partial,Medium,"As an HR admin, I want to set the maximum over time hours that can be approved by the immediate supervisor, so that supervisor approval authority is capped",config-workflows.tsx displays supervisorCapHours (TNA-30),Cap displayed but not editable in UI
Configuration/Attendance Tracking,Over Time Approvers,OTA-03,done,Medium,"As an HR admin, I want to view over time approvers with their locations and approver hierarchy, so that I can verify approval routing",config-workflows.tsx OT workflows list with location scope and approver hierarchy,
Configuration/Attendance Tracking,Over Time Approvers,OTA-04,partial,Medium,"As an HR admin, I want to edit an existing over time approver and save & next, so that I can update routing and continue the setup flow",updateWorkflow exists in use-attendance-config.ts,No edit dialog / save & next for OT approvers
Configuration/Attendance Tracking,Rule,RUL-01,partial,High,"As an HR admin, I want to add a new attendance rule, so that attendance events like late coming or early leaving are flagged automatically",config.ts seedOvertimeRules decision table (TNA-26),No add-attendance-rule UI (late come etc. with expression/color)
Configuration/Attendance Tracking,Rule,RUL-02,partial,Medium,"As an HR admin, I want to view attendance rules with their expression, time period, color and applicability, so that I can review the configured attendance logic",overtime-tab.tsx shows OT rule outcomes,"No rules list with expression, time period, color"
Configuration/Attendance Tracking,Rule,RUL-03,partial,Medium,"As an HR admin, I want to edit or view an existing rule, so that I can keep attendance rule thresholds accurate",rules are seed data only,No edit/view of an attendance rule
Configuration/Attendance Tracking,Rule,RUL-04,partial,Low,"As an HR admin, I want to page through and refresh the rules list, so that I can access all rules and see the latest data",no rules list UI,No paging/refresh over rules list
Configuration/Attendance Tracking,Setup,SET-01,done,High,"As a System admin, I want to enable or disable the attendance tracking module, so that the organization can turn attendance tracking on when it is ready",attendance/components/platform-tab.tsx Tenant Module Enablement switch (TNA-21),
Configuration/Attendance Tracking,Setup,SET-02,partial,Medium,"As a System admin, I want to save and continue to the next configuration step, so that I can proceed through the attendance setup flow",toggle saves inline,No save-and-next wizard navigation
Configuration/Attendance Tracking,Setup,SET-03,partial,Medium,"As a System admin, I want to be prompted to configure dependent settings like Over Time and Flexi Schedule Settings, so that I do not miss required configuration steps",kensium-artifacts.ts Setup artifacts only,"No prompt to configure dependent settings (OT, WFH) on enable"
Configuration/Attendance Tracking,Tracking Device,TD-01,done,High,"As a System admin, I want to add a new tracking device, so that attendance can be captured at entry and exit points","attendance/components/capture-tab.tsx New Device dialog (addDevice, TNA-40)",
Configuration/Attendance Tracking,Tracking Device,TD-02,done,Medium,"As a System admin, I want to view tracking devices with their location, work area, entry/exit, tracking mode and alert email, so that I can manage all attendance devices","capture-tab.tsx devices table: location, work area, mode",
Configuration/Attendance Tracking,Tracking Device,TD-03,done,Medium,"As a System admin, I want to configure the email address alerts are sent to for a device, so that the right person is notified about device issues",capture-tab.tsx alertEmail field on device; failures alert configured email,
Configuration/Attendance Tracking,Tracking Device,TD-04,partial,Medium,"As a System admin, I want to edit an existing tracking device, so that I can keep device details and locations accurate",capture-tab.tsx add-only,No edit of an existing tracking device
Configuration/Attendance Tracking,Tracking Device,TD-05,done,Low,"As a System admin, I want to refresh the tracking device list, so that I always see the latest devices",capture-tab.tsx live-updating devices list,
Configuration/Attendance Tracking,Tracking Mode,TM-01,done,High,"As a System admin, I want to add a new tracking mode, so that attendance can be captured through different methods such as ESSP, ACR or manual entry",attendance/components/tracking-mode-dialog.tsx New Mode dialog (TNA-41),
Configuration/Attendance Tracking,Tracking Mode,TM-02,done,High,"As a System admin, I want to choose whether attendance tracking is based on priority or grace period, so that multiple tracking modes are reconciled correctly",tracking-mode-dialog.tsx reconciliation select: by priority / grace period,
Configuration/Attendance Tracking,Tracking Mode,TM-03,done,Medium,"As a System admin, I want to set the grace period and minimum break duration, so that small time gaps and short breaks are handled per policy",tracking-mode-dialog.tsx grace minutes + min break duration inputs,
Configuration/Attendance Tracking,Tracking Mode,TM-04,partial,Medium,"As a System admin, I want to configure supervisor alerts and attendance sheet approval timing relative to payroll, so that attendance is finalized on schedule",tracking-mode-dialog.tsx has reminders only,No supervisor alerts or attendance-sheet approval time settings
Configuration/Attendance Tracking,Tracking Mode,TM-05,done,Medium,"As a System admin, I want to send reminders to employees who have not recorded attendance via Email or SMS, so that missing attendance is captured promptly",tracking-mode-dialog.tsx Email/SMS reminder checkboxes before payroll cutoff,
Configuration/Attendance Tracking,Tracking Mode,TM-06,partial,Medium,"As a System admin, I want to set the priority of tracking modes, so that the system knows which device data to consider based on business rules",reconciliation 'by priority' exists,No per-mode priority ordering control
Configuration/Attendance Tracking,Work From Home Approvers,WFHA-01,partial,High,"As an HR admin, I want to add a new work from home approver, so that WFH requests are routed to the correct approvers by location",config-workflows.tsx WFH workflow wf-04 with levels,No add-new-WFH-approver flow; seed-only
Configuration/Attendance Tracking,Work From Home Approvers,WFHA-02,partial,Medium,"As an HR admin, I want to set the maximum work from home hours that can be approved by the immediate supervisor, so that supervisor approval authority is capped",supervisorCapHours is overtime-only in config.ts,No max WFH hours approvable by supervisor setting
Configuration/Attendance Tracking,Work From Home Approvers,WFHA-03,done,Medium,"As an HR admin, I want to view work from home approvers with their locations and approver hierarchy, so that I can verify approval routing",config-workflows.tsx WFH workflow listed with scope and approver hierarchy,
Configuration/Attendance Tracking,Work From Home Approvers,WFHA-04,partial,Medium,"As an HR admin, I want to edit an existing WFH approver and save & next, so that I can update routing and continue the setup flow",updateWorkflow hook exists,No edit dialog / save & next for WFH approver
Configuration/Attendance Tracking,Work From Home Settings,WFHS-01,done,High,"As an HR admin, I want to enable work from home based settings, so that employees can request and be governed by WFH policies",config-limits.tsx wfhEnabled switch gating WFH templates,
Configuration/Attendance Tracking,Work From Home Settings,WFHS-02,done,High,"As an HR admin, I want to add a new work from home settings template, so that WFH rules can be tailored by employee class",config-limits.tsx Add WFH template dialog,
Configuration/Attendance Tracking,Work From Home Settings,WFHS-03,done,Medium,"As an HR admin, I want to set the maximum number of work from home instances per month, so that WFH usage stays within limits",config-limits.tsx maxPerMonth field on WFH template,
Configuration/Attendance Tracking,Work From Home Settings,WFHS-04,partial,Medium,"As an HR admin, I want to view and edit WFH settings templates with their class specificity and monthly limits, so that I can keep WFH policies accurate","config-limits.tsx templates table (classSpecific, maxPerMonth)",View exists; no edit of existing template
Configuration/Attendance Tracking,Work From Home Settings,WFHS-05,partial,Medium,"As an HR admin, I want to save and continue to the next configuration step, so that I can complete the attendance setup flow",inline save via tabs,No save-and-next wizard navigation
Configuration/Benefits,Setup,BEN-01,partial,High,"As an HR admin, I want to enable or disable the benefit management module, so that I can control whether benefits functionality is available in the HRMS",kensium-artifacts.ts:590 'Enable or disable the benefit management module' catalog artifact only,No Benefits Setup UI/toggle in POC; artifact definition is placeholder
Configuration/Benefits,Setup,BEN-02,partial,High,"As an HR admin, I want to save my benefit management configuration, so that my selection is persisted and applied to the system",kensium-artifacts.ts benefit management artifact only; no setup form/Save in any module,No Save flow persisting benefit module config in UI
Configuration/Benefits,Setup,BEN-03,partial,Medium,"As an HR admin, I want to cancel changes to the benefit setup, so that I can discard an unintended selection without saving",kensium-artifacts.ts benefit management artifact only; no setup form/Cancel in any module,No Cancel/discard flow for benefit setup in UI
Configuration/Calendar,Configure Calendar,CAL-01,done,High,"As an HR admin, I want to enable employees to add and view other employees' calendars, so that team members can coordinate schedules",components/config-calendar.tsx — 'Employees can add and view other employees' calendars' switch,
Configuration/Calendar,Configure Calendar,CAL-02,done,High,"As an HR admin, I want to allow the reporting manager hierarchy to view an employee's calendar events, so that managers have visibility into their team's schedules",components/config-calendar.tsx — 'Reporting manager hierarchy can view calendar events' switch,
Configuration/Calendar,Configure Calendar,CAL-03,done,Medium,"As an HR admin, I want to allow HR to view an employee's calendar events, so that HR can oversee organization-wide scheduling",components/config-calendar.tsx — 'HR can view any employee's calendar events' switch,
Configuration/Calendar,Configure Calendar,CAL-04,done,Medium,"As an HR admin, I want event based announcements to be visible on the calendar, so that employees see relevant announcements in context",config-calendar.tsx announcements switch + strip on company-calendar-tab.tsx,
Configuration/Calendar,Configure Calendar,CAL-05,done,High,"As an HR admin, I want to save my calendar accessibility configuration, so that the chosen visibility settings are persisted",config-calendar.tsx Save configuration → saveCalendarAccess in use-leave-settings.ts,
Configuration/Calendar,Setup,CAL-01,done,High,"As a System admin, I want to enable the calendar module, so that calendar functionality becomes available to the organization",config-calendar.tsx Calendar Setup yes/no radio + Save (enable) — Admin → Settings → Calendar,
Configuration/Calendar,Setup,CAL-02,done,Medium,"As a System admin, I want to disable the calendar module, so that calendar features are turned off when not needed",config-calendar.tsx Setup 'No' + Save disables module; accessibility switches lock,
Configuration/Calendar,Setup,CAL-03,done,Medium,"As a System admin, I want to save and proceed to the next configuration step, so that I can continue setting up the calendar in sequence",config-calendar.tsx Save & Next advances to next config step (config-tab.tsx STEPS),
Configuration/Calendar,Setup,CAL-04,done,Low,"As a System admin, I want to cancel my changes on the Setup screen, so that I can discard unintended edits",config-calendar.tsx Cancel resets Setup draft with 'changes discarded' toast,
Configuration/Compensation,Compensation,COMP-01,partial,High,"As an HR admin, I want to view the list of salary slabs with their name, employee class specificity and slab range, so that I can review the configured compensation metrics",kensium-artifacts.ts 'Compensation' artifact (salary slab list); no slab table UI in employees module,"Build slab list table (name, class-specific, range) in a Compensation config tab"
Configuration/Compensation,Compensation,COMP-02,partial,High,"As an HR admin, I want to add a new salary metric, so that I can define additional compensation slabs",kensium-artifacts.ts 'Compensation' artifact only; no add-slab form in POC UI,Add 'Add new salary metrics' form/dialog creating a slab row
Configuration/Compensation,Compensation,COMP-03,partial,High,"As an HR admin, I want to edit an existing salary slab, so that I can keep slab ranges and settings up to date",kensium-artifacts.ts 'Compensation' artifact only; no edit-slab UI,Add edit action on slab rows with save
Configuration/Compensation,Compensation,COMP-04,partial,Medium,"As an HR admin, I want to set the accepted difference between provided salary and calculated salary, so that minor salary discrepancies are tolerated during processing",kensium-artifacts.ts 'Compensation' artifact only; no accepted-difference input in UI,Add accepted salary difference setting field
Configuration/Compensation,Compensation,COMP-05,partial,High,"As an HR admin, I want to save my compensation configuration using Save or Save & Next, so that I can persist changes and continue configuring related settings",kensium-artifacts.ts 'Compensation' artifact only; no Save/Save & Next flow,Add Save / Save & Next persistence on Compensation screen
Configuration/Compensation,Compensation,COMP-06,partial,Medium,"As an HR admin, I want to navigate between the Compensation, Expense Head and Rehire Settings tabs, so that I can configure all compensation-related areas in one place","Artifacts 'Compensation', 'Expense Head', 'Rehire Settings' exist in kensium-artifacts.ts; no tabbed UI",Add Compensation/Expense Head/Rehire Settings tab navigation
Configuration/Compensation,Compensation,COMP-07,partial,Low,"As an HR admin, I want to refresh and page through the slab list, so that I can see the latest data across multiple entries",kensium-artifacts.ts 'Compensation' artifact only; no slab list to refresh/paginate,Add refresh and pagination on slab list
Configuration/Compensation,Compensation,COMP-08,partial,Low,"As an HR admin, I want to cancel my changes, so that I can discard edits I no longer want to keep",kensium-artifacts.ts 'Compensation' artifact only; no Cancel/discard behavior,Add Cancel to discard unsaved Compensation changes
Configuration/Confirmation,Confirmation Approvers,CA-01,done,High,"As an HR admin, I want to view a list of confirmation approvers showing group ID, location, approver(s) and applicability, so that I can see who approves employee confirmations","config-probation.tsx approver groups table: applicability, locations, departments, positions, approvers",
Configuration/Confirmation,Confirmation Approvers,CA-02,done,High,"As an HR admin, I want to add a new confirmation approver, so that I can define who is responsible for approving confirmations",config-probation.tsx 'Add group' dialog saves new confirmation approver group,
Configuration/Confirmation,Confirmation Approvers,CA-03,done,Medium,"As an HR admin, I want to search and filter approvers by Location, Department and Position level, so that I can quickly find relevant approver configurations",config-probation.tsx location/department/position filter selects on approver groups,
Configuration/Confirmation,Confirmation Approvers,CA-04,done,Low,"As an HR admin, I want to reset the search filters, so that I can start a new search from a clean state",config-probation.tsx Reset button clears all three filters,
Configuration/Confirmation,Confirmation Approvers,CA-05,partial,Medium,"As an HR admin, I want to view and edit an existing approver entry, so that I can maintain accurate approval rules",Approver group list exists in config-probation.tsx,No View/Edit action on approver group rows; entries cannot be modified
Configuration/Confirmation,Confirmation Questions,CQ-01,partial,High,"As an HR admin, I want to enable employee confirmation questions via the configuration toggle, so that confirmation questionnaires are used in the process",lifecycle config-tab.tsx has module toggle; question bank in config-probation.tsx,No dedicated 'perform confirmation questions' Yes/No toggle for the questionnaire itself
Configuration/Confirmation,Confirmation Questions,CQ-02,done,High,"As an HR admin, I want to add a new confirmation question with type, options, score and display order, so that I can build the confirmation questionnaire","config-probation.tsx 'Add question' dialog: text, type, score, options, order, used-in",
Configuration/Confirmation,Confirmation Questions,CQ-03,done,Medium,"As an HR admin, I want to view questions with their attributes such as question type, mandatory flag and question category, so that I can review the questionnaire setup","config-probation.tsx question bank table: Question, Type, Score, Mandatory, Used-in chips",
Configuration/Confirmation,Confirmation Questions,CQ-04,done,Medium,"As an HR admin, I want to preview the confirmation, peer review and periodic confirmation questionnaires, so that I can verify how they appear before use",config-probation.tsx Preview buttons per use + questionnaire preview dialog,
Configuration/Confirmation,Confirmation Questions,CQ-05,partial,Medium,"As an HR admin, I want to edit an existing question, so that I can keep the questionnaire content up to date",Question bank table exists in config-probation.tsx,No Edit action on question rows; questions cannot be updated after creation
Configuration/Confirmation,Confirmation Questions,CQ-06,partial,Low,"As an HR admin, I want to organize questions by type, so that the questionnaire is structured logically",Questions sorted by display order in config-probation.tsx,No 'Organize Questions Type' grouping/reordering by question type
Configuration/Confirmation,Confirmation Questions,CQ-07,partial,Low,"As an HR admin, I want to refresh the questions list, so that I see the latest saved questions",Question bank table renders live store state,"No explicit Refresh action on the questions list (templates have one, questions do not)"
Configuration/Confirmation,Email Templates,CET-01,done,High,"As an HR admin, I want to view the list of confirmation email templates with their type and description, so that I know which emails are sent during the confirmation process",config-templates.tsx Confirmation section lists Email-kind templates with type/description,
Configuration/Confirmation,Email Templates,CET-02,done,Medium,"As an HR admin, I want to view the details of a specific email template, so that I can review its content and configuration",config-templates.tsx View dialog shows template content,
Configuration/Confirmation,Email Templates,CET-03,done,Low,"As an HR admin, I want to refresh the email templates list, so that I see the most current set of templates",config-templates.tsx Refresh button per section,
Configuration/Confirmation,Letter Templates,CLT-01,done,High,"As an HR admin, I want to view the list of confirmation letter templates with their type and description, so that I can manage the letters issued during confirmation",config-templates.tsx Confirmation section lists Letter-kind templates with type/description,
Configuration/Confirmation,Letter Templates,CLT-02,done,Medium,"As an HR admin, I want to view a specific letter template such as Employee Confirmation or Probation Extension, so that I can review its content",config-templates.tsx View dialog shows letter body with merge fields,
Configuration/Confirmation,Letter Templates,CLT-03,done,Low,"As an HR admin, I want to refresh the letter templates list, so that I see the latest templates",config-templates.tsx Refresh button per section,
Configuration/Confirmation,Notification Templates,CNT-01,done,High,"As an HR admin, I want to view the list of confirmation notification templates with their type and description, so that I can manage in-app notifications for confirmations",config-templates.tsx Confirmation section lists Notification-kind templates with type/description,
Configuration/Confirmation,Notification Templates,CNT-02,done,Medium,"As an HR admin, I want to view a specific notification template, so that I can review its content and settings",config-templates.tsx View button opens template body dialog,
Configuration/Confirmation,Notification Templates,CNT-03,done,Low,"As an HR admin, I want to refresh the notification templates list, so that I see the latest templates",config-templates.tsx Refresh button per section,
Configuration/Confirmation,Setup,CS-01,done,High,"As a System admin, I want to enable or disable the Confirmation Management Module, so that I can control whether confirmation features are available in the HRMS",config-tab.tsx 'Do you want to enable the Confirmation Management Module?' switch (confirmationModuleEnabled),
Configuration/Confirmation,Setup,CS-02,partial,Medium,"As a System admin, I want to save the setup and proceed to the next configuration step, so that I can continue configuring the confirmation process in sequence",Toggle saves immediately in config-tab.tsx; Setup artifact in kensium-artifacts.ts,No Save & Next stepper flow through confirmation configuration steps
Configuration/Confirmation,Setup,CS-03,partial,Low,"As a System admin, I want to cancel the setup without saving, so that I can discard unintended changes",Setup toggle exists in config-tab.tsx,No Cancel/discard — toggle applies instantly with no unsaved-changes state
Configuration/Data Import,Import Data,IMP-01,done,High,"As an HR admin, I want to select a module and function for the import, so that the data is routed to the correct target entity",wizard/step-routing.tsx — module → function selection (IMPORT_MODULES/IMPORT_FUNCTIONS),
Configuration/Data Import,Import Data,IMP-02,done,High,"As an HR admin, I want to choose the file type and header format, so that the uploaded file is parsed correctly","wizard/step-file.tsx — File type (Excel/Flat file/Xml), format and Header format selects",
Configuration/Data Import,Import Data,IMP-03,done,High,"As an HR admin, I want to browse and upload a source file, so that I can bring external data into KensiumHR",wizard/step-file.tsx — Data file field + size; columns feed step-mapping (simulated upload),
Configuration/Data Import,Import Data,IMP-04,done,High,"As an HR admin, I want to map document fields to KensiumHR fields, so that each source column populates the right target field",wizard/step-mapping.tsx — document field → KensiumHR field mapping step,
Configuration/Data Import,Import Data,IMP-05,done,Medium,"As an HR admin, I want to save my mapping for further use or reuse a saved mapping, so that I avoid remapping on repeat imports",step-mapping.tsx 'Save mapping for further use' + step-routing 'Use from saved mapping'; mappings-tab.tsx,
Configuration/Data Import,Import Data,IMP-06,done,Medium,"As an HR admin, I want to choose duplicate handling and process type, so that I control how conflicting or invalid records are treated",wizard/step-options.tsx — DUPLICATE_HANDLING (Ignore/Overwrite) and process-type options,
Configuration/Data Import,Import Data,IMP-07,done,High,"As an HR admin, I want to validate the file before importing, so that I can catch errors prior to committing data",step-options.tsx / import-wizard.tsx — 'Validate only (staging)' pre-commit validation flow,
Configuration/Data Import,Import Data Log,IMPL-01,done,High,"As an HR admin, I want to view a log of past imports with module, function, date, importer, and status, so that I can audit import activity","data-management/components/import-log-tab.tsx — table with Module, Function, date, importer, Status",
Configuration/Data Import,Import Data Log,IMPL-02,done,High,"As an HR admin, I want to see record counts per import (All, Success, Failed, Skipped), so that I can assess the outcome of each import",import-log-tab.tsx — 'All / Success / Failed / Skipped' counts column per entry,
Configuration/Data Import,Import Data Log,IMPL-03,done,Medium,"As an HR admin, I want to refresh the log, so that I can see the latest import results without reloading the page",import-log-tab.tsx — Refresh log button with 'Import log refreshed' toast,
Configuration/Data Import,Import Data Log,IMPL-04,done,Medium,"As an HR admin, I want to page through the import log, so that I can browse the full history of imports",import-log-tab.tsx — PAGE_SIZE pagination with prev/next and page-number buttons,
Configuration/Data Import,Import Data Log,IMPL-05,done,Low,"As an HR admin, I want to navigate from the log back to the Import Data screen, so that I can start a new import quickly",data-management/index.tsx — 'New Import' action opens import wizard from same module tabs,
Configuration/Disciplinary,Disciplinary Action Approvers,DAA-01,done,High,"As an HR admin, I want to view a list of disciplinary action approvers with their group ID, location and approvers, so that I can see who approves disciplinary actions for each loc",lifecycle/components/config-approvals.tsx — 'Disciplinary action approvers' table (Group ID/Locations/Approvers),
Configuration/Disciplinary,Disciplinary Action Approvers,DAA-02,done,High,"As an HR admin, I want to add a new disciplinary action approver, so that I can configure who approves disciplinary actions for a location",config-approvals.tsx — 'Add approver group' button + add dialog saving to config.disciplinaryApprovers,
Configuration/Disciplinary,Disciplinary Action Approvers,DAA-03,done,Medium,"As an HR admin, I want to edit an existing disciplinary action approver, so that I can keep approver assignments up to date","config-approvals.tsx — Edit button per row opens dialog, disciplinaryApprovers.update()",
Configuration/Disciplinary,Disciplinary Action Approvers,DAA-04,partial,Low,"As an HR admin, I want to paginate through the approvers list, so that I can review large numbers of approver configurations",Plain table in config-approvals.tsx; screen exists as artifact in kensium-artifacts.ts,No pagination controls or item count on the approvers list
Configuration/Disciplinary,Disciplinary Action Approvers,DAA-05,done,Low,"As an HR admin, I want to cancel out of the approvers configuration, so that I can leave without making unwanted changes",config-approvals.tsx — add/edit dialog dismissable without saving (Dialog onOpenChange cancel),
Configuration/Disciplinary,Disciplinary Email Templates,DET-01,done,High,"As an HR admin, I want to view the list of disciplinary action email templates with their type and description, so that I can see which email templates are configured",lifecycle/components/config-templates.tsx — Disciplinary category table with template type/kind/description,
Configuration/Disciplinary,Disciplinary Email Templates,DET-02,done,High,"As an HR admin, I want to view a disciplinary email template's details, so that I can review its content before it is used",config-templates.tsx — View button opens dialog showing template body,
Configuration/Disciplinary,Disciplinary Email Templates,DET-03,done,Medium,"As an HR admin, I want to refresh the email templates list, so that I can see the most current set of templates",config-templates.tsx — Refresh action on each template SectionCard,
Configuration/Disciplinary,Disciplinary Email Templates,DET-04,partial,Low,"As an HR admin, I want to paginate through the email templates list, so that I can browse all available templates",Plain table in config-templates.tsx; artifact in kensium-artifacts.ts,No pagination controls or item count on templates list
Configuration/Disciplinary,Disciplinary Letter Templates,DLT-01,done,High,"As an HR admin, I want to view the list of disciplinary action letter templates with their type and description, so that I can see which letter templates are configured","config-templates.tsx — Disciplinary templates table (Template type, Letter type, Description, Task)",
Configuration/Disciplinary,Disciplinary Letter Templates,DLT-02,done,High,"As an HR admin, I want to view a disciplinary letter template's details, so that I can review its content before issuing a letter",config-templates.tsx — View dialog renders template body + merge fields note,
Configuration/Disciplinary,Disciplinary Letter Templates,DLT-03,done,Medium,"As an HR admin, I want to refresh the letter templates list, so that I can see the most current set of templates",config-templates.tsx — Refresh button per templates card,
Configuration/Disciplinary,Disciplinary Letter Templates,DLT-04,partial,Low,"As an HR admin, I want to paginate through the letter templates list, so that I can browse all available templates",Plain table in config-templates.tsx; artifact in kensium-artifacts.ts,No pagination controls or item count on templates list
Configuration/Disciplinary,Disciplinary Notification Templates,DNT-01,done,High,"As an HR admin, I want to view the list of disciplinary action notification templates with their type and description, so that I can see which notification templates are configured",config-templates.tsx — Disciplinary category table includes notification kind badge,
Configuration/Disciplinary,Disciplinary Notification Templates,DNT-02,done,High,"As an HR admin, I want to view a disciplinary notification template's details, so that I can review its content before it is sent",config-templates.tsx — View dialog shows notification template details,
Configuration/Disciplinary,Disciplinary Notification Templates,DNT-03,done,Medium,"As an HR admin, I want to refresh the notification templates list, so that I can see the most current set of templates",config-templates.tsx — Refresh button per templates card,
Configuration/Disciplinary,Disciplinary Notification Templates,DNT-04,partial,Low,"As an HR admin, I want to paginate through the notification templates list, so that I can browse all available templates",Plain table in config-templates.tsx; artifact in kensium-artifacts.ts,No pagination controls or item count on templates list
Configuration/Employee Management,Acknowledgement,ACK-01,partial,High,"As an HR admin, I want to add a new acknowledgement terms configuration, so that employees can acknowledge the right document templates",kensium-artifacts.ts 'Acknowledgement' artifact; hr-letters requiresAcknowledgment flag only,No UI to create location+template-type acknowledgement configs
Configuration/Employee Management,Acknowledgement,ACK-02,partial,Medium,"As an HR admin, I want to view acknowledgement configurations with their location(s) and template type, so that I can see which templates apply where",kensium-artifacts.ts artifact placeholder,No list of acknowledgement configs with Location(s)/Template type
Configuration/Employee Management,Acknowledgement,ACK-03,partial,Medium,"As an HR admin, I want to edit an existing acknowledgement configuration, so that I can keep template mappings up to date",kensium-artifacts.ts artifact placeholder,No edit UI for acknowledgement configs
Configuration/Employee Management,Acknowledgement,ACK-04,partial,Medium,"As an HR admin, I want to map acknowledgements to different template types such as Offer, Joining, Appointment and Policy Document letters, so that each document requires the corre",hr-letters/data/hr-letters.ts per-template requiresAcknowledgment flag,No mapping of acknowledgement to Offer/Joining/Appointment/Policy template types
Configuration/Employee Management,Acknowledgement,ACK-05,partial,Low,"As an HR admin, I want to refresh the acknowledgement list, so that I always see the latest configurations",kensium-artifacts.ts artifact placeholder,No acknowledgement list screen to refresh
Configuration/Employee Management,Appreciation Categories,APC-01,done,High,"As an HR admin, I want to add a new appreciation category, so that employees can be recognized under defined categories",employees/components/performance/appreciations-tab.tsx saveCategory dialog (name/desc/points),
Configuration/Employee Management,Appreciation Categories,APC-02,done,Medium,"As an HR admin, I want to assign points to each appreciation category, so that recognition can be scored consistently",employees/data/performance.ts AppreciationCategory.points + appreciations-tab category form,
Configuration/Employee Management,Appreciation Categories,APC-03,done,Medium,"As an HR admin, I want to view all appreciation categories with name, description and points, so that I can review the recognition framework",appreciations-tab.tsx lists categories with name/description/points (EMP-35/36/37),
Configuration/Employee Management,Appreciation Categories,APC-04,partial,Medium,"As an HR admin, I want to edit an existing appreciation category, so that I can refine its description or points",appreciations-tab.tsx has add-category dialog only,No edit action on an existing category
Configuration/Employee Management,Appreciation Categories,APC-05,done,Low,"As an HR admin, I want to refresh the appreciation categories list, so that I see the current set of categories",appreciations-tab.tsx reactive store list is always current,
Configuration/Employee Management,Class Change Approvers,CCA-01,partial,High,"As an HR admin, I want to add new class change approvers for a location, so that employee class changes are routed to the right approvers",kensium-artifacts.ts 'Class Change Approvers' artifact placeholder,No UI to add class-change approvers per location
Configuration/Employee Management,Class Change Approvers,CCA-02,done,Medium,"As an HR admin, I want to add a new offer approver, so that offer-related approvals are directed to the correct role",recruitment/components/config-approvals.tsx 'Add offer approver rule' by location (TA-46),
Configuration/Employee Management,Class Change Approvers,CCA-03,partial,Medium,"As an HR admin, I want to view class change approvers by location, so that I can confirm the approval mapping",kensium-artifacts.ts artifact placeholder,No class-change approver list by location
Configuration/Employee Management,Class Change Approvers,CCA-04,partial,Medium,"As an HR admin, I want to edit an existing class change approver mapping, so that I can update approvers when roles change",kensium-artifacts.ts artifact placeholder,No edit of class-change approver mapping
Configuration/Employee Management,Document Custodian,DOC-01,done,High,"As an HR admin, I want to add a new document custodian, so that each document type has an assigned custodian position",employees/components/configuration/catalog-tabs.tsx 'New document custodian' dialog; documents/custodian-dialog.tsx,
Configuration/Employee Management,Document Custodian,DOC-02,partial,Medium,"As an HR admin, I want to filter custodians by Location, Department, Position and Employee class, so that I can quickly find relevant custodian mappings",catalog-tabs.tsx custSearch text filter over custodians,No structured Location/Department/Position/Class filters
Configuration/Employee Management,Document Custodian,DOC-03,partial,Low,"As an HR admin, I want to reset the search filters, so that I can start a new custodian search",catalog-tabs.tsx clearable text search only,No Reset action for structured filters
Configuration/Employee Management,Document Custodian,DOC-04,done,Medium,"As an HR admin, I want to view a document custodian's details, so that I can verify the document type, custodian position and applicability","catalog-tabs.tsx table shows document type, custodian position, applicability; documents/custodians-tab.tsx",
Configuration/Employee Management,Document Custodian,DOC-05,done,Low,"As an HR admin, I want to refresh the document custodian list, so that I see the latest custodian assignments",catalog-tabs.tsx reactive custodian list,
Configuration/Employee Management,Email Templates,EMT-01,done,High,"As an HR admin, I want to view the list of employee management email templates, so that I can see all configured email types and descriptions",notifications/components/templates-tab.tsx 'Email Templates' tab lists seeded library (NTF-25/26),
Configuration/Employee Management,Email Templates,EMT-02,done,High,"As an HR admin, I want to view an individual email template, so that I can review its content before it is sent",notifications/templates-tab.tsx viewing dialog shows individual template body,
Configuration/Employee Management,Email Templates,EMT-03,partial,Medium,"As an HR admin, I want to page through the email templates list, so that I can access all 32 templates",templates-tab.tsx list exists,No pagination controls for the 32-template set
Configuration/Employee Management,Email Templates,EMT-04,done,Low,"As an HR admin, I want to refresh the email templates list, so that I always see the latest templates",templates-tab.tsx reactive template list,
Configuration/Employee Management,Employee Access Permission,EAP-01,done,High,"As an HR admin, I want to select an employee class and location before configuring access, so that permissions apply to the correct group",employees/components/configuration/access-tab.tsx employee class + location selectors load matrix (EMP-51),
Configuration/Employee Management,Employee Access Permission,EAP-02,done,High,"As an HR admin, I want to set View and Edit permissions per field for HR, Reporting Manager and Employee, so that each role only accesses appropriate employee data",access-tab.tsx View/Edit checkboxes per field for HR/Reporting Manager/Employee (ACCESS_ACTORS),
Configuration/Employee Management,Employee Access Permission,EAP-03,done,High,"As an HR admin, I want to configure access across employee data tabs such as General Information, Personal Details, Documents and Employee Status, so that permissions are managed p","access-tab.tsx section tabs from ACCESS_SECTIONS (General Info, Personal, Documents, Status)",
Configuration/Employee Management,Employee Access Permission,EAP-04,done,Medium,"As an HR admin, I want to apply the tab settings to other employee classes and locations, so that I avoid repeating configuration",access-tab.tsx Apply-to-others across classes/locations (per EMP-51 docstring),
Configuration/Employee Management,Employee Access Permission,EAP-05,partial,Medium,"As an HR admin, I want to answer configuration questions like whether the employee is on the bench report, is billable, or can be created in Wrike, so that downstream systems and r",kensium-artifacts.ts 'Employee Access Permission' artifact,No bench-report/billable/Wrike question toggles in access-tab
Configuration/Employee Management,Employee Access Permission,EAP-06,done,High,"As an HR admin, I want to save the access configuration and continue to the next tab, so that I can complete configuration efficiently",access-tab.tsx saveAndNext advances section after save,
Configuration/Employee Management,Employee Appreciations,EAPR-01,done,High,"As an HR admin, I want to configure when employees are notified of their appreciation scores each month, so that recognition is communicated on a set schedule",appreciations-tab.tsx notifyDayOfMonth setting in notification schedule dialog,
Configuration/Employee Management,Employee Appreciations,EAPR-02,done,High,"As an HR admin, I want to set the date from which score calculation starts, so that appreciation points are tallied over the correct period",appreciations-tab.tsx scoreCalculationStart setting drives score tally,
Configuration/Employee Management,Employee Appreciations,EAPR-03,done,Medium,"As an HR admin, I want to save the appreciation settings, so that the configuration takes effect",appreciations-tab.tsx schedule dialog saves appreciationSettings to store,
Configuration/Employee Management,Employee Dependant Types,EDT-01,done,High,"As an HR admin, I want to add a new employee dependant type, so that employees can register dependants of the correct relationship",catalog-tabs.tsx 'New dependant type' dialog + saveDependantType,
Configuration/Employee Management,Employee Dependant Types,EDT-02,done,Medium,"As an HR admin, I want to view all dependant types with name and description, so that I can review the available relationships",catalog-tabs.tsx dependant types table (name/description) from seedDependantTypes,
Configuration/Employee Management,Employee Dependant Types,EDT-03,partial,Medium,"As an HR admin, I want to edit an existing dependant type, so that I can correct or update its details",catalog-tabs.tsx add-only dialog,No edit action on existing dependant types
Configuration/Employee Management,Employee Dependant Types,EDT-04,done,Low,"As an HR admin, I want to refresh the dependant types list, so that I see the current set",catalog-tabs.tsx reactive list,
Configuration/Employee Management,Employee Joining Checklist,EJC-01,done,High,"As an HR admin, I want to add a new employee joining task, so that onboarding steps are tracked for new hires",employees/components/lifecycle/onboarding-tabs.tsx JoiningChecklistTab (EMP-30) add task dialog,
Configuration/Employee Management,Employee Joining Checklist,EJC-02,done,Medium,"As an HR admin, I want to assign a responsible department and position level to each joining task, so that ownership of onboarding activities is clear",onboarding-tabs.tsx task form uses DEPARTMENTS/POSITIONS for responsibility,
Configuration/Employee Management,Employee Joining Checklist,EJC-03,done,Medium,"As an HR admin, I want to view all joining tasks with their applicability, so that I can review the onboarding checklist",onboarding-tabs.tsx joining tasks table (data/lifecycle.ts JoiningTask),
Configuration/Employee Management,Employee Joining Checklist,EJC-04,done,Medium,"As an HR admin, I want to edit an existing joining task, so that I can update onboarding steps as processes change",onboarding-tabs.tsx openFor(task) edit dialog on existing tasks,
Configuration/Employee Management,Employee Joining Checklist,EJC-05,partial,Low,"As an HR admin, I want to page through and refresh the joining tasks list, so that I can access all tasks and see the latest data",onboarding-tabs.tsx reactive list,No pagination controls on the joining task list
Configuration/Employee Management,Employee Life Event Types,ELE-01,partial,High,"As an HR admin, I want to add a new employee life event type, so that significant events like marriage, adoption or birth can be recorded",data/configuration.ts LIFE_EVENT_TYPES const; kensium-artifacts.ts artifact,Types hardcoded; no Add life event type UI
Configuration/Employee Management,Employee Life Event Types,ELE-02,partial,Medium,"As an HR admin, I want to view all life event types with name and description, so that I can review the configured events",catalog-tabs.tsx shows LIFE_EVENT_TYPES as inline text; used in my-profile-tab life-event picker,No table with name/description
Configuration/Employee Management,Employee Life Event Types,ELE-03,partial,Medium,"As an HR admin, I want to edit an existing life event type, so that I can keep the event definitions accurate",LIFE_EVENT_TYPES const only,No edit UI for life event types
Configuration/Employee Management,Employee Life Event Types,ELE-04,partial,Low,"As an HR admin, I want to refresh the life event types list, so that I see the current set",LIFE_EVENT_TYPES const only,No manageable list to refresh
Configuration/Employee Management,Employee Timeline,ETL-01,done,High,"As an HR admin, I want to add a new timeline event, so that key employee milestones are captured on the employee timeline",employees/components/configuration/policy-tabs.tsx 'New timeline event' dialog (EMP-54) saveTimelineEvent,
Configuration/Employee Management,Employee Timeline,ETL-02,done,Medium,"As an HR admin, I want to associate a timeline event with a module and a parent event, so that events are organized in the correct context",policy-tabs.tsx event form has module + parentEvent grouping,
Configuration/Employee Management,Employee Timeline,ETL-03,done,Medium,"As an HR admin, I want to attach a document reference to a timeline event, so that supporting evidence is linked to the milestone",policy-tabs.tsx preview shows attached document; TimelineEventConfig.document,
Configuration/Employee Management,Employee Timeline,ETL-04,done,Low,"As an HR admin, I want to assign a timeline color to each event, so that events are visually distinguishable on the timeline",policy-tabs.tsx 'Timeline color' input; preview swatch uses event color,
Configuration/Employee Management,Employee Timeline,ETL-05,done,Medium,"As an HR admin, I want to preview a timeline event, so that I can confirm how it will appear before use",policy-tabs.tsx Preview button opens 'Timeline preview' dialog,
Configuration/Employee Management,Employee Timeline,ETL-06,partial,Low,"As an HR admin, I want to page through the timeline events list, so that I can access all configured events",policy-tabs.tsx timeline events table,No pagination controls
Configuration/Employee Management,Employee Verification,EVR-01,done,High,"As an HR admin, I want to add a new employee verification, so that required background or credential checks are defined",catalog-tabs.tsx 'New verification check' dialog + saveVerification,
Configuration/Employee Management,Employee Verification,EVR-02,done,Medium,"As an HR admin, I want to mark a verification as recurring and set where it applies, so that periodic checks run for the right employees",data/configuration.ts VerificationCheck recurring/applicableAt fields set in catalog-tabs dialog,
Configuration/Employee Management,Employee Verification,EVR-03,done,Medium,"As an HR admin, I want to view all verifications with name, applicable at, recurring flag and applicability, so that I can review the verification setup",catalog-tabs.tsx verification checks table (EMP-52) with name/applicability columns,
Configuration/Employee Management,Employee Verification,EVR-04,done,Low,"As an HR admin, I want to refresh the verification list, so that I see the current set of verifications",catalog-tabs.tsx reactive verification list,
Configuration/Employee Management,Notification Templates,NTT-01,done,High,"As an HR admin, I want to view the list of employee notification templates, so that I can see all configured notification types","employees configuration NotificationsTab (EMP-26, policy-tabs.tsx) + notifications/templates-tab.tsx in-app tab",
Configuration/Employee Management,Notification Templates,NTT-02,done,High,"As an HR admin, I want to view an individual notification template, so that I can review its content before it is used",notifications/templates-tab.tsx viewing dialog; policy-tabs.tsx template edit sheet,
Configuration/Employee Management,Notification Templates,NTT-03,partial,Medium,"As an HR admin, I want to page through the notification templates list, so that I can access all 24 templates",template lists exist,No pagination controls for 24-template set
Configuration/Employee Management,Notification Templates,NTT-04,done,Low,"As an HR admin, I want to refresh the notification templates list, so that I always see the latest templates",reactive template list in policy-tabs.tsx / templates-tab.tsx,
Configuration/Employee Management,Quadrant Rating,QDR-01,done,High,"As an HR admin, I want to set the quadrant rating frequency, so that ratings are collected on the intended cycle",employees/components/performance/quadrant-tab.tsx frequency selector in cycle config dialog,
Configuration/Employee Management,Quadrant Rating,QDR-02,done,Medium,"As an HR admin, I want to define when the rating period should start, so that rating windows open at the right time",quadrant-tab.tsx periodStartDay setting,
Configuration/Employee Management,Quadrant Rating,QDR-03,done,Medium,"As a Manager, I want a reminder to provide ratings a set number of days after the start date, so that I do not miss the rating window",quadrant-tab.tsx reminderAfterDays setting,
Configuration/Employee Management,Quadrant Rating,QDR-04,done,Medium,"As an HR admin, I want to require ratings to be given within a set number of days after the start date, so that ratings are completed on time",quadrant-tab.tsx completionDeadlineDays setting,
Configuration/Employee Management,Quadrant Rating,QDR-05,done,Medium,"As an HR admin, I want to save the quadrant rating settings, so that the configuration takes effect",quadrant-tab.tsx saveQuadrantConfig 'Save — applies to subsequent cycles',
Configuration/Employee Management,User Defined Fields,UDF-01,done,High,"As an HR admin, I want to add a new user defined field, so that I can capture additional employee data not covered by standard fields",custom-fields/components/field-wizard.tsx creates field with name/type/mandatory/isDefault,
Configuration/Employee Management,User Defined Fields,UDF-02,done,Medium,"As an HR admin, I want to mark a user defined field as mandatory or default, so that required data is always captured",field-wizard-schema.ts Permissions step: per-role View/Edit on each field,
Configuration/Employee Management,User Defined Fields,UDF-03,done,Medium,"As an HR admin, I want to reorder user defined fields, so that they appear in a logical sequence on forms",field-wizard field-type selection (text/date etc.) enforced by dynamic-field-control.tsx,
Configuration/Employee Management,User Defined Fields,UDF-04,done,Medium,"As an HR admin, I want to save my user defined field configuration, so that the changes take effect",custom-fields/components/definitions-tab.tsx + fields-table-columns.tsx list type/mandatory/default/permissions,
Configuration/Employee Management,User Defined Fields,UDF-05,done,Low,"As an HR admin, I want to view all user defined fields with their type, mandatory and default status, so that I can review the custom field setup","definitions-tab.tsx edit via wizard, scope-gated by role, persists to store",
Configuration/Exit,Exit Approvers,EXAP-01,done,Medium,"As an HR admin, I want to view a list of exit approver groups with their exit type, locations, departments and approvers, so that I can review how exit approvals are configured.","config-exit-flow.tsx 'Exit approver groups' table: name, exit type, locations, depts, ordered approvers",No pagination (small mock list)
Configuration/Exit,Exit Approvers,EXAP-02,done,High,"As an HR admin, I want to add a new exit approvers group, so that exits of a given type in specific locations and departments route to the right approvers.","config-exit-flow.tsx 'Add exit approver group' dialog with exit type, locations, ordered approvers",
Configuration/Exit,Exit Approvers,EXAP-03,partial,Medium,"As an HR admin, I want to edit an existing exit approvers group, so that I can keep approver assignments accurate as teams change.",Approver groups table has no Edit action,No edit dialog for existing exit approver groups
Configuration/Exit,Exit Approvers,EXAP-04,partial,Low,"As an HR admin, I want to refresh the exit approvers list, so that I always see the latest configured groups.","Refresh exists only on config-templates.tsx, not the approvers section",No Refresh action on exit approver groups list
Configuration/Exit,Exit Approvers,EXAP-05,partial,Low,"As an HR admin, I want to page through the exit approver groups and proceed to the next configuration step, so that I can complete the exit setup workflow.",Full list rendered without pagination in config-exit-flow.tsx,No pagination controls or Next step
Configuration/Exit,Exit Clearance Approvers,ECA-01,done,Medium,"As an HR admin, I want to view the configured exit clearance form approvers, so that I know who signs off on employee clearances.",config-exit-flow.tsx 'Exit clearance functions & approver hierarchy' table (clearanceChains),
Configuration/Exit,Exit Clearance Approvers,ECA-02,partial,High,"As an HR admin, I want to add a new exit clearance approver, so that clearance forms route to the correct authority.","config-exit-flow.tsx clearance section — edit only, no add","No 'Add new exit clearance approver/function' action; chains are seeded, only editable"
Configuration/Exit,Exit Clearance Approvers,ECA-03,done,Medium,"As an HR admin, I want to edit an existing exit clearance approver, so that I can update the clearance approval chain when roles change.",config-exit-flow.tsx 'Edit hierarchy' button + EditClearanceChainDialog,
Configuration/Exit,Exit Clearance Approvers,ECA-04,partial,Low,"As an HR admin, I want to proceed to the next step after configuring clearance approvers, so that I can continue the exit setup workflow.",Lifecycle Config tabs allow moving between sections,No wizard Next step; navigation is via config tabs
Configuration/Exit,Exit Management,EXM-01,done,High,"As an HR admin, I want to indicate whether my organization supports exit management, so that the exit module is enabled or disabled accordingly.",config-exit.tsx 'Does your organization support exit management?' Switch (exitManagementEnabled),
Configuration/Exit,Exit Management,EXM-02,done,Medium,"As an HR admin, I want to view the list of configured exit types with their type and employee-class-specific flag, so that I can review the available exit reasons.","config-exit.tsx 'Exit types' table: name, type badge, employee-class specific",
Configuration/Exit,Exit Management,EXM-03,done,High,"As an HR admin, I want to add a new exit type, so that I can capture all the ways an employee may leave the organization.","config-exit.tsx 'Add exit type' dialog (name, category, class-specific)",
Configuration/Exit,Exit Management,EXM-04,done,Medium,"As an HR admin, I want to edit an existing exit type, so that I can keep exit definitions accurate.","config-exit.tsx Edit button per exit type row -> same dialog, exitTypes.update",
Configuration/Exit,Exit Management,EXM-05,partial,Low,"As an HR admin, I want to save and move to the next configuration step, so that I can complete the exit setup in sequence.",Auto-save with toasts on each change,No Save & Next wizard step
Configuration/Exit,Exit Questionnaire,EXQ-01,done,High,"As an HR admin, I want to indicate whether an exit questionnaire is performed, so that the questionnaire process is enabled for exits.",config-exit.tsx 'Do you perform exit questionnaire?' Switch (exitQuestionnaireEnabled),
Configuration/Exit,Exit Questionnaire,EXQ-02,done,Medium,"As an HR admin, I want to view the list of exit questions with their type, applicable exit types and responder, so that I can review the questionnaire content.","config-exit-flow.tsx exitQuestions table: question, type, exit types, responder, mandatory",
Configuration/Exit,Exit Questionnaire,EXQ-03,done,High,"As an HR admin, I want to add a new exit question, so that I can gather relevant feedback from departing employees.","config-exit-flow-dialogs.tsx 'Add exit question' dialog (text, type, exit types, responder)",
Configuration/Exit,Exit Questionnaire,EXQ-04,partial,Medium,"As an HR admin, I want to edit an existing exit question, so that I can refine the questionnaire over time.",Questions table in config-exit-flow.tsx has no Edit action,No edit for existing exit questions
Configuration/Exit,Exit Questionnaire,EXQ-05,done,Medium,"As an HR admin, I want to preview the exit questionnaire, so that I can see how it will appear to employees before publishing.",config-exit-flow.tsx 'Preview exit questionnaire' dialog (as responder sees it),
Configuration/Exit,Exit Questionnaire,EXQ-06,partial,Low,"As an HR admin, I want to save and continue to the next step, so that I can complete the exit configuration workflow.",Changes save immediately with toasts,No Save & Next wizard step
Configuration/Exit,Exit Tasks,EXT-01,done,Medium,"As an HR admin, I want to view the list of exit tasks with their applicable exit types, responsible position and time frame, so that I can review the offboarding checklist.","config-exit-flow.tsx 'Exit tasks (offboarding checklist)' table: task, exit types, responsible, time frame",
Configuration/Exit,Exit Tasks,EXT-02,done,High,"As an HR admin, I want to add a new exit task, so that all required offboarding activities are tracked for departing employees.","config-exit-flow.tsx 'Add exit task' dialog (name, exit types, owner, timing)",
Configuration/Exit,Exit Tasks,EXT-03,done,High,"As an HR admin, I want to assign each exit task to a responsible position level or reporting manager, so that ownership of offboarding activities is clear.",config-exit-flow.tsx taskOwner Select (Reporting Manager / roles) saved with task,
Configuration/Exit,Exit Tasks,EXT-04,done,Medium,"As an HR admin, I want to define a time frame relative to the last working day for each task, so that offboarding activities are completed on schedule.",config-exit-flow.tsx Before/After LWD + days -> timing 'Before LWD - N Day(s)',
Configuration/Exit,Exit Tasks,EXT-05,partial,Medium,"As an HR admin, I want to edit an existing exit task, so that I can keep the offboarding checklist current.",Exit tasks table has no Edit action,No edit for existing exit tasks
Configuration/Exit,Exit Tasks,EXT-06,partial,Low,"As an HR admin, I want to proceed to the next configuration step after reviewing exit tasks, so that I can continue the exit setup workflow.",Config tabs navigation only,No wizard Next step
Configuration/Exit,Layoff Approvers,LAP-01,done,High,"As an HR admin, I want to set the minimum number of employees required to initiate a layoff, so that the layoff process is only triggered when the threshold is met.",config-exit.tsx layoffMinEmployees input; threshold enforced in 'Initiate layoff (demo)',
Configuration/Exit,Layoff Approvers,LAP-02,done,Medium,"As an HR admin, I want to view the list of layoff approvers by location, so that I can see who approves layoffs in each location.",config-exit.tsx layoffApprovers table by location with empty-state row,
Configuration/Exit,Layoff Approvers,LAP-03,done,High,"As an HR admin, I want to add a new layoff approver for a location, so that layoff requests route to the correct approver.",config-exit.tsx 'Add approver' with location select + approver name,
Configuration/Exit,Layoff Approvers,LAP-04,partial,Low,"As an HR admin, I want to save and continue to the next step, so that I can complete the exit configuration workflow.",Settings auto-save with toasts in config-exit.tsx,No explicit Save & Next wizard step
Configuration/Exit,Letter Templates,LT-01,done,Medium,"As an HR admin, I want to view the list of exit letter templates with their type and description, so that I can see which letters are available.",config-templates.tsx templates table with template/letter type and description,
Configuration/Exit,Letter Templates,LT-02,done,Medium,"As an HR admin, I want to view a specific letter template, so that I can review its content before it is used.",config-templates.tsx viewing dialog shows template content,
Configuration/Exit,Letter Templates,LT-03,done,Low,"As an HR admin, I want to refresh the letter templates list, so that I always see the current set of templates.",config-templates.tsx Refresh button ('Templates refreshed'),
Configuration/Exit,Letter Templates,LT-04,partial,Low,"As an HR admin, I want to proceed to the next step after reviewing letter templates, so that I can continue the configuration workflow.",Config tabs navigation only,No wizard Next step
Configuration/Exit,Notice Period,NP-01,done,Medium,"As an HR admin, I want to view the list of notice period rules with their duration, applicable locations, departments and position levels, so that I can review notice period polici","config-exit.tsx 'Notice period rules' table: duration, class specific, locations, depts, position levels",
Configuration/Exit,Notice Period,NP-02,partial,Medium,"As an HR admin, I want to filter notice period rules by location, department and position, so that I can quickly find the rules relevant to a specific group.",config-exit.tsx location + department filter selects over noticeRules,"No position-level filter; filtering is live, no explicit Search action"
Configuration/Exit,Notice Period,NP-03,done,Low,"As an HR admin, I want to reset the notice period search filters, so that I can start a new search from a clean state.",config-exit.tsx Reset button clears loc/dept filters,
Configuration/Exit,Notice Period,NP-04,done,High,"As an HR admin, I want to add a new notice period rule, so that I can define notice durations for specific locations, departments and position levels.","config-exit.tsx 'Add rule' dialog saves name, duration, scope via config.noticeRules.add",
Configuration/Exit,Notice Period,NP-05,partial,Medium,"As an HR admin, I want to edit an existing notice period rule, so that I can keep notice policies aligned with organizational changes.",Notice rules table in config-exit.tsx has no Edit action,No edit dialog/button for existing notice period rules
Configuration/Exit,Notice Period,NP-06,partial,Low,"As an HR admin, I want to proceed to the next configuration step after setting notice periods, so that I can continue the exit setup workflow.",Config tabs navigation only,No wizard Next step
Configuration/Feedback - Grievance,Feedback / Grievance Receivers,FGR-01,done,High,"As an HR admin, I want to indicate whether the organization supports Feedback / Grievance, so that the receiver configuration applies only when enabled",config-setup-step.tsx moduleEnabled toggle gates module; receivers config applies when enabled,
Configuration/Feedback - Grievance,Feedback / Grievance Receivers,FGR-02,done,High,"As an HR admin, I want to indicate whether Anonymous Feedback / Grievance is supported, so that anonymous receiver settings apply only when enabled",config-receivers-step.tsx: anonymousEnabled Switch 'Do you support Anonymous Feedback / Grievance?',
Configuration/Feedback - Grievance,Feedback / Grievance Receivers,FGR-03,done,High,"As an HR admin, I want to assign applicable roles as non-anonymous feedback / grievance receivers, so that the right people receive submitted feedback",config-receivers-step.tsx: Non-Anonymous Receiver(s) dual-list role picker,
Configuration/Feedback - Grievance,Feedback / Grievance Receivers,FGR-04,done,High,"As an HR admin, I want to assign applicable roles as anonymous feedback / grievance receivers, so that anonymous submissions route to the correct recipients",config-receivers-step.tsx: Anonymous Receiver(s) picker shown when anonymousEnabled,
Configuration/Feedback - Grievance,Feedback / Grievance Receivers,FGR-05,done,Medium,"As an HR admin, I want to move roles between available and selected lists, so that I can precisely manage which roles are receivers",feedback/components/dual-list-picker.tsx: >> > < << move-one/move-all controls,
Configuration/Feedback - Grievance,Feedback / Grievance Receivers,FGR-06,done,Medium,"As an HR admin, I want to set a reminder to the approver after a number of days of receiving feedback / grievance, so that approvers act in a timely manner",config-receivers-step.tsx: 'Reminder to the approver after (days)' input,
Configuration/Feedback - Grievance,Feedback / Grievance Receivers,FGR-07,done,Medium,"As an HR admin, I want to set a reminder to the feedback coordinator after a number of days if the approver has not acted, so that stalled items are escalated",config-receivers-step.tsx: 'Reminder to feedback coordinator after (days)' input,
Configuration/Feedback - Grievance,Feedback / Grievance Receivers,FGR-08,done,High,"As an HR admin, I want to save the receiver configuration, so that the settings persist and take effect",config-receivers-step.tsx: Save / Save & Next -> store.saveReceivers,
Configuration/Feedback - Grievance,Setup,FGS-01,done,High,"As an HR admin, I want to enable or disable the Feedback / Grievance module, so that the feature is only active when the organization chooses to use it",feedback/components/config-setup-step.tsx: moduleEnabled Switch,
Configuration/Feedback - Grievance,Setup,FGS-02,done,High,"As an HR admin, I want to save my module enablement selection, so that the configuration persists",config-setup-step.tsx: Save button -> store.saveSetup,
Configuration/Feedback - Grievance,Setup,FGS-03,done,Medium,"As an HR admin, I want to use Save & Next to continue configuration, so that I can proceed to the Feedback / Grievance Receivers setup",config-setup-step.tsx: Save & Next advances to Receivers step,
Configuration/Feedback - Grievance,Setup,FGS-04,done,Low,"As an HR admin, I want to cancel my changes, so that I can discard edits I did not intend to keep","config-setup-step.tsx: Cancel resets state, discards unsaved changes",
Configuration/General,Department,DEPT-01,done,High,"As an HR admin, I want to add a new department, so that the organization structure reflects new business units",departments/components/directory-tab.tsx + department-overlay.tsx (create with name/parent/acronym/description),
Configuration/General,Department,DEPT-02,done,High,"As an HR admin, I want to view departments in a list with their key attributes, so that I can review the org structure at a glance",departments/components/directory-tab.tsx + departments-table-columns.tsx list view,
Configuration/General,Department,DEPT-03,done,Medium,"As an HR admin, I want to edit an existing department, so that I can keep department details accurate",directory-tab.tsx Edit action -> department-overlay.tsx (updateDepartment),
Configuration/General,Department,DEPT-04,done,Medium,"As an HR admin, I want to set a parent department for a department, so that hierarchical reporting structures are captured",department-overlay.tsx parentId select with cycle-safe parentOptions,
Configuration/General,Department,DEPT-05,done,Low,"As an HR admin, I want to page through and refresh the department list, so that I can browse all 52 departments and see current data",directory-tab.tsx pagination (DEPT-25) + Refresh button (store.refresh),
Configuration/General,Department,DEPT-06,partial,Low,"As an HR admin, I want to proceed to the next configuration step, so that I can complete the setup workflow",kensium-artifacts.ts 'Department' artifact only,No setup-wizard 'Next' step flow in Departments UI
Configuration/General,Interview Assessment Questions,IAQ-01,done,High,"As an HR admin, I want to add a new interview assessment question, so that interviewers evaluate candidates consistently",recruitment/components/config-hiring.tsx 'Add pre-interview question' dialog,
Configuration/General,Interview Assessment Questions,IAQ-02,partial,High,"As an HR admin, I want to add and edit rating sets, so that questions can be scored using defined values",config-hiring.tsx scorecard criteria show Rating scale column,No add/edit of named rating sets (Average/Good/Excellent value lists)
Configuration/General,Interview Assessment Questions,IAQ-03,partial,Medium,"As an HR admin, I want to mark whether a response and a rating are required for each question, so that mandatory feedback is enforced during interviews",kensium-artifacts.ts IAQ artifact; question dialog lacks flags,No Response required / Rating required flags on questions
Configuration/General,Interview Assessment Questions,IAQ-04,done,Medium,"As an HR admin, I want to scope questions to specific employee classes and positions, so that the right questions appear for each role",config-hiring.tsx question dialog: positionLevel + employeeClass fields shown in table,
Configuration/General,Interview Assessment Questions,IAQ-05,partial,Low,"As an HR admin, I want to set the checklist order of questions, so that interviewers see them in a logical sequence",kensium-artifacts.ts IAQ artifact only,No checklist-order/reorder UI for questions
Configuration/General,Interview Assessment Questions,IAQ-06,partial,Medium,"As an interviewer, I want to preview the interview assessment questionnaire, so that I can confirm how it will appear before conducting interviews",scorecard-dialog.tsx renders criteria at interview time,No 'Preview Interview Assessment Questionnaire' action in config
Configuration/General,Interview Assessment Questions,IAQ-07,partial,Low,"As an HR admin, I want to edit or refresh existing questions and rating sets, so that assessment content stays current",config-hiring.tsx editable criteria weights + version bump,No edit of existing questions or refresh action
Configuration/General,Shift,SHFT-01,done,High,"As an HR admin, I want to add a new shift with start and end times, so that employee working hours are defined",attendance/components/shifts-tab.tsx 'New shift pattern' dialog (name/start/end); weekly offs in departments/shifts-tab.tsx,
Configuration/General,Shift,SHFT-02,done,High,"As an HR admin, I want to view all shifts with their timing and location details, so that I can review scheduling across the organization",attendance shifts-tab patterns table + departments/shifts-tab.tsx (start/end/duration/default/locations/weekly offs),
Configuration/General,Shift,SHFT-03,done,Medium,"As an HR admin, I want to designate a default shift, so that employees without a specific shift are assigned a standard schedule",departments/components/shifts-tab.tsx Default shift selector + DefaultShiftBadge,
Configuration/General,Shift,SHFT-04,done,Medium,"As an HR admin, I want to assign locations and weekly offs to a shift, so that shift timings and rest days match each site",departments/shifts-tab.tsx weekly offs editor + location mapping (org-config LOCATIONS),
Configuration/General,Shift,SHFT-05,done,Medium,"As an HR admin, I want to control which roles the shift roster is visible to, so that only authorized users can view shift schedules",departments/shifts-tab.tsx 'Shift roster visible to' role toggles (rosterVisibleTo),
Configuration/General,Shift,SHFT-06,partial,Medium,"As an HR admin, I want to edit and save changes to existing shifts, so that shift definitions remain accurate",attendance shifts-tab creates patterns; kensium-artifacts.ts 'Shift' artifact,No edit+save of an existing shift definition (times/name)
Configuration/General,Shift,SHFT-07,partial,Low,"As an HR admin, I want to page through and refresh the shift list, so that I can browse all 31 shifts with current data",kensium-artifacts.ts 'Shift' artifact only,No pagination or refresh on shift lists
Configuration/HR Budget,Setup,HRB-01,partial,High,"As an HR admin, I want to enable or disable the HR budget planner module, so that I can control whether budget planning is available in the system",kx-060 'Setup' setting artifact in workflows/data/kensium-artifacts.ts (placeholder definition),No enable/disable toggle UI for HR budget planner in companies module
Configuration/HR Budget,Setup,HRB-02,partial,High,"As an HR admin, I want to save my HR budget planner configuration, so that the module setting is persisted",kx-060 artifact only (kensium-artifacts.ts),No Save action/form persisting the budget planner configuration
Configuration/HR Budget,Setup,HRB-03,partial,Medium,"As an HR admin, I want to cancel changes on the Setup screen, so that I can discard unsaved edits to the budget planner setting",kx-060 artifact only (kensium-artifacts.ts),No Cancel/discard flow for Setup screen edits
Configuration/Integrations,Setup,INT-01,partial,High,"As a System admin, I want to enable the Acumatica Integration Module by selecting Yes, so that HRMS can integrate with Acumatica.",kensium-artifacts.ts ~L1816 'Setup' setting artifact (Acumatica enable); no UI in platform-admin,No Acumatica enable Yes toggle UI; only placeholder artifact
Configuration/Integrations,Setup,INT-02,partial,Medium,"As a System admin, I want to disable the Acumatica Integration Module by selecting No, so that the integration is turned off when not needed.",kensium-artifacts.ts Setup artifact only; integrations-cards.tsx covers webhooks not Acumatica,No Acumatica disable No option UI
Configuration/Integrations,Setup,INT-03,partial,High,"As a System admin, I want to save the Acumatica integration configuration, so that my selection is persisted.",kensium-artifacts.ts Setup artifact placeholder definition,No Save action for Acumatica integration config
Configuration/Integrations,Setup,INT-04,partial,Low,"As a System admin, I want to cancel changes to the integration setup, so that I can discard modifications without saving.",kensium-artifacts.ts Setup artifact placeholder definition,No Cancel/discard flow for Acumatica setup
Configuration/Integrations,Setup,INT-05,partial,Medium,"As a System admin, I want to see a prompt to configure Acumatica Integration when it is not configured, so that I know the integration still needs setup.",kensium-artifacts.ts Setup artifact placeholder definition,No 'Please configure Acumatica Integration' prompt in UI
Configuration/Knowledge Transfer,Setup,KTS-01,partial,High,"As an HR admin, I want to enable or disable the knowledge transfer module using a Yes/No option, so that I can control whether the feature is available to the organization.",kensium-artifacts.ts kx-062 'Setup' setting (Enabled) — engine catalog only,No Yes/No enable toggle UI in lifecycle module; artifact definition is a placeholder
Configuration/Knowledge Transfer,Setup,KTS-02,partial,High,"As an HR admin, I want to save my knowledge transfer setup selection, so that the configuration is persisted.",artifact-builder-sheet.tsx edits setting key/value with Save; kx-062 artifact,"Save persists only the generic engine artifact, not a dedicated KT setup screen"
Configuration/Knowledge Transfer,Setup,KTS-03,done,Medium,"As an HR admin, I want to save and proceed to the next configuration step, so that I can complete setup efficiently in sequence.",kt-config.tsx — Admin > Knowledge Transfer wizard: Save & Next steps Setup > Handover Policy > Review,
Configuration/Knowledge Transfer,Setup,KTS-04,partial,Low,"As an HR admin, I want to cancel my changes on the Setup screen, so that I can discard an unintended selection.",artifact-builder-sheet.tsx Cancel button discards edits to kx-062 setting,"Cancel exists only in the generic artifact builder, not a KT setup screen"
Configuration/Learning Management,Certification Questionnaire,CQ-01,partial,High,"As an HR admin, I want to add new certification sponsorship questions, so that employees requesting sponsorship provide the information we need",src/features/workflows/data/kensium-artifacts.ts:1872 'Certification Questionnaire' artifact (placeholder def),No LM UI in POC; only engine-catalog artifact
Configuration/Learning Management,Certification Questionnaire,CQ-02,partial,High,"As an HR admin, I want to add new certification reimbursement questions, so that reimbursement requests capture the required details",src/features/workflows/data/kensium-artifacts.ts:1872 'Certification Questionnaire' artifact (placeholder def),No LM UI in POC; only engine-catalog artifact
Configuration/Learning Management,Certification Questionnaire,CQ-03,partial,Medium,"As an HR admin, I want to refresh the questionnaire lists, so that I see the latest sponsorship and reimbursement questions",src/features/workflows/data/kensium-artifacts.ts:1872 'Certification Questionnaire' artifact (placeholder def),No LM UI in POC; only engine-catalog artifact
Configuration/Learning Management,Certification Questionnaire,CQ-04,partial,Medium,"As an HR admin, I want to proceed to the next configuration step using Next, so that I can complete the training setup workflow",src/features/workflows/data/kensium-artifacts.ts:1872 'Certification Questionnaire' artifact (placeholder def),No LM UI in POC; only engine-catalog artifact
Configuration/Learning Management,Certification Questionnaire,CQ-05,partial,Low,"As an HR admin, I want to cancel my changes, so that I can exit without saving unintended edits",src/features/workflows/data/kensium-artifacts.ts:1872 'Certification Questionnaire' artifact (placeholder def),No LM UI in POC; only engine-catalog artifact
Configuration/Learning Management,Manage External Trainers,MET-01,partial,High,"As an HR admin, I want to add a new external trainer, so that outside trainers can be assigned to training topics",src/features/workflows/data/kensium-artifacts.ts:1910 'Manage External Trainers' artifact (placeholder def),No LM UI in POC; only engine-catalog artifact
Configuration/Learning Management,Manage External Trainers,MET-02,partial,High,"As an HR admin, I want to view external trainers with their name, company, email, skill and trainings conducted, so that I can assess trainer suitability",src/features/workflows/data/kensium-artifacts.ts:1910 'Manage External Trainers' artifact (placeholder def),No LM UI in POC; only engine-catalog artifact
Configuration/Learning Management,Manage External Trainers,MET-03,partial,Medium,"As an HR admin, I want to edit an existing external trainer, so that I can keep their contact and skill details current",src/features/workflows/data/kensium-artifacts.ts:1910 'Manage External Trainers' artifact (placeholder def),No LM UI in POC; only engine-catalog artifact
Configuration/Learning Management,Manage External Trainers,MET-04,partial,Low,"As an HR admin, I want to refresh the external trainers list, so that I see the most recent trainer records",src/features/workflows/data/kensium-artifacts.ts:1910 'Manage External Trainers' artifact (placeholder def),No LM UI in POC; only engine-catalog artifact
Configuration/Learning Management,Manage External Trainers,MET-05,partial,Medium,"As an HR admin, I want to proceed to the next step with Next, so that I can continue configuring learning management",src/features/workflows/data/kensium-artifacts.ts:1910 'Manage External Trainers' artifact (placeholder def),No LM UI in POC; only engine-catalog artifact
Configuration/Learning Management,Setup,SET-01,partial,High,"As a System admin, I want to enable or disable the learning management module, so that the organization only uses training features when required",src/features/workflows/data/kensium-artifacts.ts:1941 'Setup' artifact (placeholder def),No LM UI in POC; only engine-catalog artifact
Configuration/Learning Management,Setup,SET-02,partial,Medium,"As a System admin, I want to save and move to the next step in one action, so that I can configure learning management efficiently",src/features/workflows/data/kensium-artifacts.ts:1941 'Setup' artifact (placeholder def),No LM UI in POC; only engine-catalog artifact
Configuration/Learning Management,Setup,SET-03,partial,Low,"As a System admin, I want to cancel the setup, so that I can leave without applying changes",src/features/workflows/data/kensium-artifacts.ts:1941 'Setup' artifact (placeholder def),No LM UI in POC; only engine-catalog artifact
Configuration/Learning Management,Training Cost Approvers,TCA-01,partial,High,"As an HR admin, I want to add a new training cost approver, so that training expenses within a cost range and location are routed to the right approver",src/features/workflows/data/kensium-artifacts.ts:1966 'Training Cost Approvers' artifact (placeholder def),No LM UI in POC; only engine-catalog artifact
Configuration/Learning Management,Training Cost Approvers,TCA-02,partial,Medium,"As an HR admin, I want to view cost approvers with their cost range, locations and approvers, so that I can verify approval routing coverage",src/features/workflows/data/kensium-artifacts.ts:1966 'Training Cost Approvers' artifact (placeholder def),No LM UI in POC; only engine-catalog artifact
Configuration/Learning Management,Training Cost Approvers,TCA-03,partial,Medium,"As an HR admin, I want to edit an existing cost approver rule, so that I can adjust ranges, locations or approvers as the organization changes",src/features/workflows/data/kensium-artifacts.ts:1966 'Training Cost Approvers' artifact (placeholder def),No LM UI in POC; only engine-catalog artifact
Configuration/Learning Management,Training Cost Approvers,TCA-04,partial,Low,"As an HR admin, I want to refresh the cost approvers list, so that I see the latest approval rules",src/features/workflows/data/kensium-artifacts.ts:1966 'Training Cost Approvers' artifact (placeholder def),No LM UI in POC; only engine-catalog artifact
Configuration/Learning Management,Training Cost Approvers,TCA-05,partial,Medium,"As an HR admin, I want to proceed to the next step with Next, so that I can continue the learning management configuration",src/features/workflows/data/kensium-artifacts.ts:1966 'Training Cost Approvers' artifact (placeholder def),No LM UI in POC; only engine-catalog artifact
Configuration/Learning Management,Training Topics,TT-01,partial,High,"As an HR admin, I want to add a new training topic, so that employees can be trained on relevant subjects",src/features/workflows/data/kensium-artifacts.ts:2004 'Training Topics' artifact (placeholder def),No LM UI in POC; only engine-catalog artifact
Configuration/Learning Management,Training Topics,TT-02,partial,High,"As an HR admin, I want to view training topics with their description, mode, duration and number of trainers, so that I can manage the training catalog",src/features/workflows/data/kensium-artifacts.ts:2004 'Training Topics' artifact (placeholder def),No LM UI in POC; only engine-catalog artifact
Configuration/Learning Management,Training Topics,TT-03,partial,Medium,"As an HR admin, I want to edit an existing training topic, so that I can keep its details and assigned trainers up to date",src/features/workflows/data/kensium-artifacts.ts:2004 'Training Topics' artifact (placeholder def),No LM UI in POC; only engine-catalog artifact
Configuration/Learning Management,Training Topics,TT-04,partial,Medium,"As an HR admin, I want to page through the training topics list, so that I can browse all topics when there are many records",src/features/workflows/data/kensium-artifacts.ts:2004 'Training Topics' artifact (placeholder def),No LM UI in POC; only engine-catalog artifact
Configuration/Learning Management,Training Topics,TT-05,partial,Low,"As an HR admin, I want to refresh the training topics list, so that I see the most current topics",src/features/workflows/data/kensium-artifacts.ts:2004 'Training Topics' artifact (placeholder def),No LM UI in POC; only engine-catalog artifact
Configuration/Learning Management,Training Topics,TT-06,partial,Medium,"As an HR admin, I want to proceed to the next step with Next, so that I can continue configuring learning management",src/features/workflows/data/kensium-artifacts.ts:2004 'Training Topics' artifact (placeholder def),No LM UI in POC; only engine-catalog artifact
Configuration/Organization,Announcement,ANN-01,done,High,"As an Announcement Coordinator, I want to add a new announcement, so that I can communicate news to employees",announcements/components/compose-overlay.tsx + manage-tab.tsx,
Configuration/Organization,Announcement,ANN-02,done,High,"As an Announcement Coordinator, I want to search announcements by period and status, so that I can quickly find relevant announcements",announcement-filters.tsx (period + status search),
Configuration/Organization,Announcement,ANN-03,done,Low,"As an Announcement Coordinator, I want to reset the search filters, so that I can start a new search from a clean state",announcement-filters.tsx Reset control,
Configuration/Organization,Announcement,ANN-04,done,Medium,"As an Announcement Coordinator, I want to filter announcements by workflow status such as Pending approval, Approved, Published or Rejected, so that I can track each announcement t",announcement-filters.tsx status filter + status-badges.tsx,
Configuration/Organization,Announcement,ANN-05,done,Medium,"As an employee, I want announcements to be visible to my location and show start/end dates and type, so that I only see relevant and current communications",audience-picker.tsx + manage-tab.tsx start/end dates; feed-tab.tsx employee view,
Configuration/Organization,Announcement,ANN-06,done,Medium,"As an Announcement Coordinator, I want to create recurring event-based announcements such as birthdays and service anniversaries, so that greetings are sent automatically each year",compose-overlay.tsx Recurring option; recurring seeds in data/announcements.ts,
Configuration/Organization,Announcement Images,ANIMG-01,done,High,"As an HR admin, I want to add new announcement images, so that automated event announcements display the correct visuals","announcements/components/images-tab.tsx (add image, event type)",
Configuration/Organization,Announcement Images,ANIMG-02,done,Medium,"As an HR admin, I want to view announcement images by event type and years, so that I can confirm which image maps to each milestone",images-tab.tsx lists by event type (anniversary etc.),
Configuration/Organization,Announcement Images,ANIMG-03,done,Medium,"As an HR admin, I want to edit an existing announcement image entry, so that I can correct the event type or year mapping",images-tab.tsx edit action,
Configuration/Organization,Announcement Images,ANIMG-04,done,Low,"As an HR admin, I want to refresh and page through the announcement images list, so that I can review all configured images",images-tab.tsx refresh control,
Configuration/Organization,Assign Roles,ASGR-01,done,High,"As a System admin, I want to select a role and assign screens to it, so that users with that role can access only the intended screens",roles-security/components/permissions-tab.tsx (role -> screen assignment),
Configuration/Organization,Assign Roles,ASGR-02,done,Medium,"As a System admin, I want to filter available screens by module, so that I can efficiently locate the screens to grant",permissions-tab.tsx module filter over screens,
Configuration/Organization,Assign Roles,ASGR-03,partial,Medium,"As a System admin, I want to save and continue to the next role, so that I can configure permissions for multiple roles in one flow",permissions-tab.tsx has Save,No explicit save-and-continue-to-next-role flow
Configuration/Organization,Assign Roles,ASGR-04,done,Medium,"As a System admin, I want to grant access across modules like Recruitment, Payroll-related Configuration and Leave Management, so that a role reflects the employee's real responsib",permissions-tab.tsx module/screen matrix spans modules,
Configuration/Organization,Configure Series,CSER-01,done,High,"As a System admin, I want to add a new numbering series, so that documents and IDs are generated with a consistent format",positions/components/config/series-panel.tsx add series,
Configuration/Organization,Configure Series,CSER-02,done,Medium,"As a System admin, I want to view an existing series and its applicability, so that I understand where each numbering rule applies",series-panel.tsx shows series + applicability,
Configuration/Organization,Configure Series,CSER-03,done,Medium,"As a System admin, I want to edit a numbering series, so that I can update the format for offer letters, employee codes or asset IDs",series-panel.tsx edit action,
Configuration/Organization,Configure Series,CSER-04,done,Low,"As a System admin, I want to page through and refresh the series list, so that I can review all configured generation rules",series-panel.tsx refresh control,
Configuration/Organization,Document Types,DOCT-01,done,High,"As an HR admin, I want to add a new document type, so that organization and employee documents can be categorized consistently",documents/components/types-tab.tsx add document type,
Configuration/Organization,Document Types,DOCT-02,done,Medium,"As an HR admin, I want to edit an existing document type, so that I can update its description or applicable modules",types-tab.tsx edit action,
Configuration/Organization,Document Types,DOCT-03,done,Medium,"As an HR admin, I want to see which modules each document type applies to, so that I know where the type can be used",types-tab.tsx module applicability column,
Configuration/Organization,Document Types,DOCT-04,done,Low,"As an HR admin, I want to page through and refresh the document types list, so that I can review all defined types",types-tab.tsx refresh control,
Configuration/Organization,Employee Classification,EMPC-01,done,High,"As an HR admin, I want to add a new employee class, so that employees can be grouped by class type, payroll frequency and wage type",positions/components/config/classifications-panel.tsx add class,
Configuration/Organization,Employee Classification,EMPC-02,done,Medium,"As an HR admin, I want to filter employee classes by Active or Inactive, so that I can focus on currently used classifications",classifications-panel.tsx Active/Inactive filter,
Configuration/Organization,Employee Classification,EMPC-03,done,Medium,"As an HR admin, I want to view each class's payroll frequency and wage type, so that payroll is processed correctly for each group",classifications-panel.tsx payroll frequency + wage type columns,
Configuration/Organization,Employee Classification,EMPC-04,done,Medium,"As an HR admin, I want to edit an employee class, so that I can correct its payroll frequency or wage type",classifications-panel.tsx edit action,
Configuration/Organization,Group,GRP-01,done,High,"As an HR admin, I want to add a new employee group, so that I can manage benefit-eligible cohorts such as ESI or Gratuity",org-groups/components/groups-list-tab.tsx + group-form-overlay.tsx add,
Configuration/Organization,Group,GRP-02,done,Medium,"As an HR admin, I want to edit an existing group, so that I can update its description or eligibility notes",groups-list-tab.tsx edit action,
Configuration/Organization,Group,GRP-03,done,Low,"As an HR admin, I want to view groups with their names and descriptions, so that I understand the purpose of each group",groups-table-columns.tsx name + description columns,
Configuration/Organization,Group,GRP-04,done,Low,"As an HR admin, I want to refresh the group list, so that I always see the current set of groups",groups-list-toolbar.tsx Refresh,
Configuration/Organization,Head Office,HO-01,done,High,"As a System admin, I want to create or edit the head office organization with its name, type, industry and location, so that the company profile is accurately defined",locations/components/org/profile-step.tsx + organization-tab.tsx,
Configuration/Organization,Head Office,HO-02,done,High,"As a System admin, I want to set the financial year start, payroll period and payroll occurrence, so that payroll runs on the correct schedule","org/payroll-step.tsx financial year, payroll period, occurrence",
Configuration/Organization,Head Office,HO-03,done,Medium,"As a System admin, I want to configure whether the payroll date shifts when it falls on a holiday or weekoff, so that payroll is not scheduled on non-working days",org/payroll-step.tsx holiday shift setting,
Configuration/Organization,Head Office,HO-04,done,Medium,"As a System admin, I want to capture the registered address and contact details, so that official company communications use correct information",org/address-step.tsx registered address + contact,
Configuration/Organization,Head Office,HO-05,done,Medium,"As a System admin, I want to upload the login and home logos, so that the application is branded with the company identity",org/branding-step.tsx login/home logo uploads,
Configuration/Organization,Head Office,HO-06,done,Medium,"As a System admin, I want to add and manage organization documents with effective dates, so that compliance documents like PAN, TAN and ESI are tracked",org/documents-step.tsx documents with effective dates,
Configuration/Organization,Head Office,HO-07,done,Low,"As a System admin, I want to save and continue to the next configuration step, so that I can complete organization setup in sequence",organization-tab.tsx stepper (profile/payroll/address/branding/documents) with Save,
Configuration/Organization,Localization Settings,LOC-01,done,High,"As a System admin, I want to set the country and date format, so that dates display consistently across the application",locations/components/localization-tab.tsx country + date format,
Configuration/Organization,Localization Settings,LOC-02,done,High,"As a System admin, I want to configure the currency symbol and format, so that monetary values show correctly in numbers and words",localization-tab.tsx currency symbol/format,
Configuration/Organization,Localization Settings,LOC-03,done,Medium,"As a System admin, I want to set the distance unit, so that travel and location distances use the correct measurement",localization-tab.tsx distance unit,
Configuration/Organization,Localization Settings,LOC-04,done,Low,"As a System admin, I want to set the pin code format, so that address pin codes are validated and displayed consistently",localization-tab.tsx pin code format,
Configuration/Organization,Localization Settings,LOC-05,done,Low,"As a System admin, I want to save and continue to the next setup step, so that I can complete localization within the configuration flow",localization-tab.tsx save within setup flow,
Configuration/Organization,Location,LCN-01,done,High,"As an HR admin, I want to add an additional office location, so that employees can be associated with the correct site",locations/components/location-overlay.tsx add location,
Configuration/Organization,Location,LCN-02,done,Medium,"As an HR admin, I want to edit an existing location, so that I can update its address, IP address or timezone","location-overlay.tsx edit (address, IP)",
Configuration/Organization,Location,LCN-03,done,Medium,"As an HR admin, I want to view locations with their acronym, IP address, timezone and address, so that I can verify site configuration",locations-table-columns.tsx acronym/IP/timezone/address columns,
Configuration/Organization,Location,LCN-04,done,Low,"As an HR admin, I want to page through and refresh the locations list, so that I can review all configured locations",locations-tab.tsx refresh + pagination,
Configuration/Organization,Login Page Images,LPI-01,partial,High,"As a System admin, I want to upload login page wallpaper images, so that the login screen shows branded visuals",workflows/data/kensium-artifacts.ts login-page-images artifact only,No login image upload UI in any module
Configuration/Organization,Login Page Images,LPI-02,partial,Medium,"As a System admin, I want to choose the image type such as Wallpapers, so that uploaded images are used in the correct context",kensium-artifacts.ts placeholder,No image type (Wallpapers) selector UI
Configuration/Organization,Login Page Images,LPI-03,partial,Medium,"As a System admin, I want to delete an existing login page image, so that outdated wallpapers are removed",kensium-artifacts.ts placeholder,No delete-image UI
Configuration/Organization,Login Page Images,LPI-04,partial,Low,"As a System admin, I want to save and continue to the next setup step, so that I can complete branding within the configuration flow",kensium-artifacts.ts placeholder,No save-and-continue setup step
Configuration/Organization,Policy Document,POL-01,done,High,"As an HR admin, I want to add a new policy document with effective dates and applicability, so that employees have access to current company policies",policies/components/policy-wizard.tsx effective dates + applicability-tab.tsx,
Configuration/Organization,Policy Document,POL-02,done,Medium,"As an HR admin, I want to filter policies by Active or Inactive and search by name, so that I can quickly locate the relevant policy",catalog-controls.tsx Active/Inactive filter + name search,
Configuration/Organization,Policy Document,POL-03,done,Low,"As an HR admin, I want to reset the policy search filters, so that I can start a new search cleanly",catalog-controls.tsx Reset,
Configuration/Organization,Policy Document,POL-04,done,Medium,"As an employee, I want to preview and view a policy document with its applicability and excluded position levels, so that I understand which policies apply to me",policy-preview-dialog.tsx preview with applicability,
Configuration/Organization,Policy Document,POL-05,done,Medium,"As an HR admin, I want each policy to track effective-from and effective-till dates, so that only in-force policies are considered active",catalog-tab.tsx effective dates; version-history-sheet.tsx,
Configuration/Organization,Project Roles,PRR-01,done,High,"As a Resource Manager, I want to add a new project role, so that resources can be assigned appropriate roles on projects",positions/components/config/project-roles-panel.tsx add role,
Configuration/Organization,Project Roles,PRR-02,done,Medium,"As a Resource Manager, I want to search project roles, so that I can quickly find a specific role",project-roles-panel.tsx search,
Configuration/Organization,Project Roles,PRR-03,done,Low,"As a Resource Manager, I want to reset the project role search, so that I can view the full list again",project-roles-panel.tsx reset,
Configuration/Organization,Project Roles,PRR-04,done,Medium,"As a Resource Manager, I want to view the questions associated with a project role, so that I understand its evaluation criteria",project-roles-panel.tsx question view per role,
Configuration/Organization,Project Roles,PRR-05,done,Medium,"As a Resource Manager, I want to edit a project role and its applicable project types, so that role-to-project-type mappings stay accurate",project-roles-panel.tsx edit incl. project types,
Configuration/Organization,Project Types,PRT-01,done,High,"As a Resource Manager, I want to add a new project type, so that projects can be categorized consistently",positions/components/config/project-types-panel.tsx add,
Configuration/Organization,Project Types,PRT-02,done,Medium,"As a Resource Manager, I want to search project types, so that I can quickly locate a specific type",project-types-panel.tsx search,
Configuration/Organization,Project Types,PRT-03,done,Low,"As a Resource Manager, I want to reset the project type search, so that I can view the full list again",project-types-panel.tsx reset,
Configuration/Organization,Project Types,PRT-04,done,Medium,"As a Resource Manager, I want to edit a project type, so that I can update its acronym or description",project-types-panel.tsx edit (acronym),
Configuration/Organization,Required Certificates,RCERT-01,done,High,"As an HR admin, I want to add a new required certificate, so that certification requirements are tracked for employees",documents/components/certificates-tab.tsx add certificate,
Configuration/Organization,Required Certificates,RCERT-02,done,Medium,"As an HR admin, I want to view required certificates with their issuing authority, so that I know the source of each certification",certificates-tab.tsx issuing authority column,
Configuration/Organization,Required Certificates,RCERT-03,done,Low,"As an HR admin, I want the list to indicate when no certificates are configured, so that I know setup is still pending",certificates-tab.tsx empty-state message,
Configuration/Organization,Role,ROLE-01,done,High,"As a System admin, I want to add a new role, so that responsibilities can be assigned to employees consistently",roles-security/components/roles-tab.tsx + role-overlay.tsx add,
Configuration/Organization,Role,ROLE-02,done,Medium,"As a System admin, I want to search for roles, so that I can quickly find a specific role",roles-tab.tsx search,
Configuration/Organization,Role,ROLE-03,done,Low,"As a System admin, I want to reset the role search, so that I can view the full list again",roles-tab.tsx reset,
Configuration/Organization,Role,ROLE-04,done,Medium,"As a System admin, I want to designate whether a role is an admin role, so that administrative access is granted appropriately",role-overlay.tsx isAdmin / Admin role flag,
Configuration/Organization,Role,ROLE-05,done,Medium,"As a System admin, I want to edit an existing role, so that I can update its name or description",role-overlay.tsx edit name/description,
Configuration/Organization,Schedule Job,SJOB-01,done,High,"As a System admin, I want to enable or disable scheduled background jobs such as attendance, leave credit and confirmation jobs, so that automated HR processes run as required",roles-security/components/jobs-tab.tsx enable/disable jobs,
Configuration/Organization,Schedule Job,SJOB-02,done,Medium,"As a System admin, I want to schedule the Acumatica integration job, so that data syncs with Acumatica automatically",jobs-tab.tsx + data/security-config.ts Acumatica integration job,
Configuration/Organization,Schedule Job,SJOB-03,done,Medium,"As a System admin, I want to specify employees and roles to be notified for a job, so that the right people are alerted about job outcomes",jobs-tab.tsx notify employees/roles fields,
Configuration/Organization,Schedule Job,SJOB-04,done,Low,"As a System admin, I want to reset IIS from this screen, so that job configuration changes take effect",jobs-tab.tsx Reset IIS action,
Configuration/Organization,Schedule Job,SJOB-05,done,Medium,"As a System admin, I want to schedule reminder and utilization jobs such as timesheet reminder, timesheet utilization and document reminder jobs, so that employees receive timely a",security-config.ts timesheet reminder + utilization jobs in jobs-tab,
Configuration/Organization,Support Team,SUPT-01,done,High,"As an HR admin, I want to add a new support team, so that employees have designated contacts for each location and module",roles-security/components/support-teams-panel.tsx add team,
Configuration/Organization,Support Team,SUPT-02,done,Medium,"As an employee, I want to see the primary and secondary contacts for my location and module, so that I know whom to reach for support",support-teams-panel.tsx primary/secondary contacts by location/module,
Configuration/Organization,Support Team,SUPT-03,done,Medium,"As an HR admin, I want to associate a support team with multiple locations and modules, so that one team can cover several sites and functions",support-teams-panel.tsx multi location + module association,
Configuration/Organization,Thought of the day,TOD-01,partial,High,"As an HR admin, I want to add a new thought of the day, so that employees see motivational content on their dashboard",workflows/data/kensium-artifacts.ts thought-of-the-day artifact only,No add-thought UI in any module
Configuration/Organization,Thought of the day,TOD-02,partial,Medium,"As an HR admin, I want to enable or disable the thought of the day feature, so that I control whether it is shown to employees",kensium-artifacts.ts placeholder,No enable/disable feature toggle UI
Configuration/Organization,Thought of the day,TOD-03,partial,Medium,"As an HR admin, I want to choose the publish type such as Sequential, so that thoughts are displayed in the desired order",kensium-artifacts.ts placeholder,No publish type (Sequential) selector
Configuration/Organization,Thought of the day,TOD-04,partial,Low,"As an HR admin, I want to select the text color and set a default text, so that the display is styled and never empty",kensium-artifacts.ts placeholder,No text color / default text settings
Configuration/Organization,Thought of the day,TOD-05,partial,Medium,"As an HR admin, I want to edit or delete existing thoughts, so that outdated or incorrect entries are removed",kensium-artifacts.ts placeholder,No edit/delete thoughts UI
Configuration/Organization,Vendor,VEN-01,partial,Low,"As an HR admin, I want to access the Vendor configuration screen, so that I can manage vendor records for the organization",kensium-artifacts.ts vendor artifact; assets module has vendor fields only,No dedicated Vendor configuration screen
Configuration/Organization,Work Area,WA-01,done,High,"As an HR admin, I want to add a new work area for a location, so that physical spaces within each office are defined",departments/components/shifts-tab.tsx work areas within mapped locations (add),
Configuration/Organization,Work Area,WA-02,done,Medium,"As an HR admin, I want to view work areas with their location and applicability, so that I can verify how spaces map to offices",shifts-tab.tsx lists work areas per location; attendance capture-tab uses them,
Configuration/Organization,Work Area,WA-03,done,Medium,"As an HR admin, I want to edit an existing work area, so that I can update its applicability or details",shifts-tab.tsx 'work areas updated' edit flow,
Configuration/Organization,Work Area,WA-04,partial,Low,"As an HR admin, I want to page through and refresh the work area list, so that I can review all configured work areas",shifts-tab.tsx list only,No pagination/refresh controls for work area list
Configuration/Orientation,Email Templates,EMT-01,done,High,"As an HR admin, I want to view a list of orientation email templates with their type, description and task, so that I can see which induction emails are configured",orientation-templates.tsx TemplateList (type/description/task) in Orientation > Configuration > Email Templates,
Configuration/Orientation,Email Templates,EMT-02,done,High,"As an HR admin, I want to view the details of a specific email template, so that I can review its content before it is used in orientation communications",orientation-templates.tsx Details button + row click opens subject/body dialog,
Configuration/Orientation,Email Templates,EMT-03,done,Medium,"As an HR admin, I want to refresh the email templates list, so that I always see the latest configured templates",orientation-templates.tsx RefreshButton with last-refreshed stamp + toast,
Configuration/Orientation,Email Templates,EMT-04,done,Low,"As an HR admin, I want to see paging with the count of displayed items, so that I know how many email templates exist",orientation-widgets.tsx PagerBar 'Showing X–Y of Z templates' with Prev/Next on Email Templates step,
Configuration/Orientation,Email Templates,EMT-05,done,Medium,"As an HR admin, I want to proceed to the next step or cancel from the Email Templates screen, so that I can continue or exit the orientation configuration flow",orientation-config.tsx step 5 StepFooter: Cancel + 'Next: Notification Templates',
Configuration/Orientation,Notification Rule,NR-01,done,High,"As an HR admin, I want to specify whether a notification frequency rule is required, so that orientation notifications follow the correct policy",orientation-config.tsx NotificationRuleStep 'rule is required' Switch (policy toggle),
Configuration/Orientation,Notification Rule,NR-02,done,High,"As an HR admin, I want to add a notification rule with location, mode and recurrence pattern, so that participants receive orientation notifications on a defined schedule","orientation-config.tsx Add Rule inline zod form: location, mode, recurrence pattern",
Configuration/Orientation,Notification Rule,NR-03,done,Medium,"As an HR admin, I want to view configured notification rules in a list showing location, mode and recurrence pattern, so that I can review existing rules",orientation-config.tsx ruleColumns DataTable listing location/mode/recurrence,
Configuration/Orientation,Notification Rule,NR-04,done,High,"As an HR admin, I want to save the notification rule or save and continue to the next step, so that my configuration is persisted",orientation-config.tsx StepFooter Save and Save & Continue persist policy + advance wizard,
Configuration/Orientation,Notification Rule,NR-05,done,Low,"As an HR admin, I want to refresh the notification rules list, so that I see the most recent rules",orientation-config.tsx RefreshButton on Notification Rules section,
Configuration/Orientation,Notification Templates,NT-01,done,High,"As an HR admin, I want to view a list of orientation notification templates with their type, description and task, so that I can see which induction notifications are configured",orientation-templates.tsx TemplateList reused on Notification Templates step (type/description/task),
Configuration/Orientation,Notification Templates,NT-02,done,High,"As an HR admin, I want to view the details of a specific notification template, so that I can review its content before it is sent",orientation-templates.tsx detail dialog shows notification subject/body,
Configuration/Orientation,Notification Templates,NT-03,done,Medium,"As an HR admin, I want to refresh the notification templates list, so that I always see the latest configured templates",orientation-config.tsx step 6 RefreshButton ('notification-templates' section),
Configuration/Orientation,Notification Templates,NT-04,done,Low,"As an HR admin, I want to see the count of displayed notification templates, so that I know how many exist",TemplateList header count + PagerBar 'Showing X–Y of Z templates',
Configuration/Orientation,Notification Templates,NT-05,done,Low,"As an HR admin, I want to cancel out of the Notification Templates screen, so that I can exit without making changes",orientation-config.tsx step 6 StepFooter Cancel exits wizard without changes,
Configuration/Orientation,Orientation Topics,OT-01,partial,High,"As an HR admin, I want to add a new orientation topic with description, location, delivery mode, duration and number of evaluation questions, so that new hires have structured indu",'Orientation Topics' artifact in workflows/data/kensium-artifacts.ts (~L2652); no module UI,No add-topic form/UI; artifact definition is placeholder
Configuration/Orientation,Orientation Topics,OT-02,partial,High,"As an HR admin, I want to view orientation topics in a list showing topic, description, locations, delivery mode, duration and evaluation question count, so that I can review the i",Artifact only in kensium-artifacts.ts; lifecycle has induction stage but no topics list,No topics list table with columns in any module UI
Configuration/Orientation,Orientation Topics,OT-03,partial,High,"As an HR admin, I want to edit an existing orientation topic, so that I can keep the induction content accurate and up to date",'Orientation Topics' governed artifact in kensium-artifacts.ts only,No edit-topic flow in UI
Configuration/Orientation,Orientation Topics,OT-04,partial,Medium,"As an HR admin, I want to set a topic delivery mode and duration, so that the orientation session is scheduled and delivered correctly",Artifact description mentions delivery mode/duration (kensium-artifacts.ts),No delivery mode/duration fields in a real form
Configuration/Orientation,Orientation Topics,OT-05,partial,Medium,"As an HR admin, I want to specify the number of questions in the topic evaluation, so that new hires are assessed appropriately after the topic",Artifact mentions number of evaluation questions (kensium-artifacts.ts),No evaluation question-count field in UI
Configuration/Orientation,Orientation Topics,OT-06,partial,Low,"As an HR admin, I want to page through and refresh the topics list, so that I can navigate all topics and see current data",Only catalog artifact; no topics table so no paging/refresh,"No topics list, paging or refresh controls"
Configuration/Orientation,Orientation Topics,OT-07,partial,Low,"As an HR admin, I want to proceed to the next step or cancel from the Orientation Topics screen, so that I can continue or exit the setup flow",Only catalog artifact; no setup wizard flow,No Next/Cancel setup-flow navigation
Configuration/Orientation,Physical Resources,PR-01,done,High,"As an HR admin, I want to add a new physical resource with type, location, capacity and contact details, so that orientation sessions can be booked into appropriate venues","orientation-resources.tsx Add Resource dialog: type, location, capacity, contact/dept/mobile/email",
Configuration/Orientation,Physical Resources,PR-02,done,High,"As an HR admin, I want to view physical resources in a list showing resource, type, location, capacity, contact person, department, mobile and email, so that I can review available","orientation-resources.tsx DataTable: resource, type, location, capacity, contact, dept, mobile, email",
Configuration/Orientation,Physical Resources,PR-03,done,High,"As an HR admin, I want to edit an existing physical resource, so that venue details and contacts stay accurate",orientation-resources.tsx per-row Edit button reopens dialog prefilled; saveResource updates,
Configuration/Orientation,Physical Resources,PR-04,done,Medium,"As an HR admin, I want to record the capacity of a physical resource, so that I do not schedule orientation sessions beyond a venue's limit",capacity field (validated positive int) + 'X seats' column; toast confirms capacity,
Configuration/Orientation,Physical Resources,PR-05,done,Low,"As an HR admin, I want to refresh the physical resources list and proceed to the next step or cancel, so that I can see current data and continue the setup flow",RefreshButton + StepFooter 'Next: Presenter Panel' / Cancel on step 3,
Configuration/Orientation,Presenter Panel,PP-01,done,High,"As an HR admin, I want to add a new presenter panel with description, locations and topics, so that qualified presenters are assigned to orientation topics","orientation-resources.tsx Add Panel dialog: name, description, locations + topics checkbox groups",
Configuration/Orientation,Presenter Panel,PP-02,done,High,"As an HR admin, I want to view presenter panels in a list showing panel, description, locations and topics, so that I can review who presents each orientation topic","PresenterPanelStep DataTable: panel, description, locations chips, topics chips",
Configuration/Orientation,Presenter Panel,PP-03,done,High,"As an HR admin, I want to edit an existing presenter panel, so that I can update presenters, locations or topic assignments",per-row Edit button; savePanel(id) updates existing panel,
Configuration/Orientation,Presenter Panel,PP-04,done,Medium,"As an HR admin, I want to associate a presenter panel with specific topics and locations, so that presenters are matched to the right orientation sessions",locations/topics multi-select persisted; panel selectable when scheduling programs,
Configuration/Orientation,Presenter Panel,PP-05,done,Low,"As an HR admin, I want to page through and refresh the presenter panel list, so that I can navigate all panels and see current data",usePager + PagerBar paging and RefreshButton on Presenter Panels list,
Configuration/Orientation,Question Bank,QB-01,done,High,"As an HR admin, I want to add a new question with options, answer, location and topic, so that orientation evaluations can assess new hires' understanding","orientation-question-bank.tsx Add Question dialog: question, 4 options, answer, locations, topic",
Configuration/Orientation,Question Bank,QB-02,done,High,"As an HR admin, I want to view questions in a list showing question, locations, options, answer and topics, so that I can review the orientation question bank","QuestionBankStep DataTable: question, locations, options, answer badge, topic",
Configuration/Orientation,Question Bank,QB-03,done,High,"As an HR admin, I want to edit an existing question, so that I can correct wording, options or the correct answer",per-row Edit button prefills form; saveQuestion(id) updates,
Configuration/Orientation,Question Bank,QB-04,done,High,"As an HR admin, I want to define the answer options and mark the correct answer for a question, so that evaluations are scored accurately",4 option inputs + 'Correct answer' select over filled options; zod refine enforces match,
Configuration/Orientation,Question Bank,QB-05,done,Medium,"As an HR admin, I want to associate each question with a topic and location, so that the right questions appear in the relevant orientation evaluation",topic Select (ORIENTATION_TOPICS) + locations CheckboxGroup on every question,
Configuration/Orientation,Question Bank,QB-06,done,Medium,"As an HR admin, I want to preview the questionnaire, so that I can verify how the evaluation appears to new hires before it goes live",'Preview Questionnaire' dialog renders MCQs as radio groups with correct answer highlighted,
Configuration/Orientation,Question Bank,QB-07,done,Low,"As an HR admin, I want to page through, refresh, and proceed or cancel from the Question Bank, so that I can navigate all questions and continue the setup flow","PagerBar paging, RefreshButton, StepFooter 'Next: Email Templates' / Cancel",
Configuration/Orientation,Setup,SET-01,done,High,"As an HR admin, I want to enable or disable the Orientation Module, so that orientation functionality is available only when my organization needs it",orientation-config.tsx SetupStep 'Enable Orientation Module' Switch; disabling locks scheduling,
Configuration/Orientation,Setup,SET-02,done,High,"As an HR admin, I want to save the orientation enablement choice, so that my setup decision is persisted",SetupStep Save button -> store.saveSetup persists + audit log + toast,
Configuration/Orientation,Setup,SET-03,done,Medium,"As an HR admin, I want to save and continue to the next configuration step, so that I can proceed through the orientation setup flow efficiently",SetupStep 'Save & Continue' saves then advances to Notification Rule step,
Configuration/Orientation,Setup,SET-04,done,Low,"As an HR admin, I want to cancel out of the Setup screen, so that I can exit without applying changes",StepFooter Cancel resets wizard to step 1 and toasts 'changes discarded',
Configuration/Performance Review,Performance Review Configuration,PRC-01,partial,High,"As an HR admin, I want to select the KRA & Goals Based review type, so that the organization can run performance reviews aligned to employee goals",workflows/data/kensium-artifacts.ts:2802 'Performance Review Configuration' artifact (placeholder),No UI to select KRA & Goals Based review type; artifact definition is placeholder
Configuration/Performance Review,Performance Review Configuration,PRC-02,partial,High,"As an HR admin, I want to select the Project Based review type, so that the organization can run 360-degree project-based evaluations",workflows/data/kensium-artifacts.ts:2802 artifact only,No UI to select Project Based / 360-degree review type
Configuration/Performance Review,Performance Review Configuration,PRC-03,partial,High,"As an HR admin, I want the system to enforce that only one review type can be selected and locked once a review is initiated, so that review data stays consistent",workflows/data/kensium-artifacts.ts:2802 artifact only,No lock/enforcement logic preventing review-type switch after initiation
Configuration/Performance Review,Performance Review Configuration,PRC-04,partial,Medium,"As an HR admin, I want to save my configuration and continue to the next setup step, so that I can complete performance review setup efficiently",workflows/data/kensium-artifacts.ts:2802 artifact only,No Save & Next multi-step configuration flow
Configuration/Performance Review,Performance Review Configuration,PRC-05,partial,Low,"As an HR admin, I want to cancel my changes on the configuration screen, so that I can discard an unintended selection",workflows/data/kensium-artifacts.ts:2802 artifact only,No Cancel/discard-changes UI on a real configuration screen
Configuration/Performance Review,Setup,PRS-01,done,High,"As an HR admin, I want to enable the performance review module, so that employees and managers can participate in performance reviews",performance-review-setup.tsx — Admin > Performance Review enable switch + Save,
Configuration/Performance Review,Setup,PRS-02,done,Medium,"As an HR admin, I want to disable the performance review module, so that reviews are turned off when not needed",performance-review-setup.tsx — disable switch; PerformanceReviewTab goes read-only when off,
Configuration/Performance Review,Setup,PRS-03,done,Medium,"As an HR admin, I want to save my setup choice and proceed to the next step, so that I can continue configuring performance reviews",performance-review-setup.tsx — Save & Next button saves and points to next step,
Configuration/Performance Review,Setup,PRS-04,done,Low,"As an HR admin, I want to cancel my setup changes, so that I can discard an unintended enable/disable choice",performance-review-setup.tsx — Cancel discards unsaved enable/disable choice with toast,
Configuration/Recruitment,CheckList Questionnaire,CLQ-01,done,High,"As an HR admin, I want to add a new checklist question, so that pre-joining checklists capture the required information",config-onboarding.tsx TA-51: 'Add question' dialog + checklist table,
Configuration/Recruitment,CheckList Questionnaire,CLQ-02,done,High,"As an HR admin, I want to define a value and mark a question as mandatory, so that candidates must respond to essential items",config-onboarding.tsx: question form with mandatory flag; table shows Mandatory/Optional badge,
Configuration/Recruitment,CheckList Questionnaire,CLQ-03,done,Medium,"As an HR admin, I want to view questions with their response from, question type, field type and display type, so that I can review the checklist configuration",config-onboarding.tsx table: Question / Response from / type-field-display / Mandatory columns,
Configuration/Recruitment,CheckList Questionnaire,CLQ-04,partial,Low,"As an HR admin, I want to refresh the questionnaire list, so that I see the latest configured questions",List UI exists (config-onboarding.tsx); artifact 'CheckList Questionnaire' in kensium-artifacts.ts,No refresh control on the questionnaire list
Configuration/Recruitment,CheckList Questionnaire,CLQ-05,done,Low,"As an HR admin, I want to close the question form without saving, so that I can discard unwanted changes",config-onboarding.tsx: add-question Dialog closable without saving (onOpenChange/cancel),
Configuration/Recruitment,Email Templates,EMT-01,partial,High,"As an HR admin, I want to view the list of recruitment email templates, so that I can see every configured email type",kensium-artifacts.ts 'Email Templates' (Kensium: Recruitment) artifact only,No recruitment email-template list UI in recruitment module
Configuration/Recruitment,Email Templates,EMT-02,partial,High,"As an HR admin, I want to view an individual email template, so that I can inspect its content before it is used",kensium-artifacts.ts artifact with placeholder body,No view-template UI for email templates
Configuration/Recruitment,Email Templates,EMT-03,partial,Medium,"As an HR admin, I want to page through and refresh the template list, so that I can navigate all 34 templates",kensium-artifacts.ts artifact only,No paging/refresh UI for email templates
Configuration/Recruitment,Expense Head,EXH-01,partial,High,"As an HR admin, I want to add a new expense head, so that recruitment expenses can be categorised",kensium-artifacts.ts 'Expense Head' (Kensium: Recruitment) artifact only,No expense head add form in recruitment UI
Configuration/Recruitment,Expense Head,EXH-02,partial,Medium,"As an HR admin, I want to view expense heads with their name and description, so that I can review configured categories",kensium-artifacts.ts artifact only,No expense head list UI
Configuration/Recruitment,Expense Head,EXH-03,partial,Low,"As an HR admin, I want to refresh the expense head list, so that I see the latest entries",kensium-artifacts.ts artifact only,No expense head list/refresh UI
Configuration/Recruitment,Interview Panels,IPN-01,partial,High,"As an HR admin, I want to enable interview panel support, so that panels can be used in the recruitment process",Panels UI exists (config-hiring.tsx TA-07) but always on,No enable/disable toggle for panel support
Configuration/Recruitment,Interview Panels,IPN-02,done,High,"As an HR admin, I want to add a new interview panel, so that a group of interviewers can be assigned to rounds",config-hiring.tsx TA-07: 'Define panel' button + dialog,
Configuration/Recruitment,Interview Panels,IPN-03,done,Medium,"As an HR admin, I want to edit an existing panel, so that I can keep panel members and descriptions up to date",config-hiring.tsx: 'Update members' action per panel row,
Configuration/Recruitment,Interview Panels,IPN-04,done,Medium,"As an HR admin, I want to view panels with their name and description, so that I can review all configured panels",config-hiring.tsx: panels table with Panel/Members columns,
Configuration/Recruitment,Interview Panels,IPN-05,partial,Low,"As an HR admin, I want to page through and refresh the panel list, so that I can navigate all 126 panels",Panel table renders all rows (config-hiring.tsx),No pagination or refresh control
Configuration/Recruitment,Interview Rounds,IRD-01,done,High,"As an HR admin, I want to add a new interview rounds configuration, so that candidates progress through the defined panels in sequence","config-hiring.tsx TA-41: 'Add rounds set' dialog, rounds mapped to panels",
Configuration/Recruitment,Interview Rounds,IRD-02,partial,Medium,"As an HR admin, I want to filter interview rounds by employee class, location, department and position, so that I find the relevant configuration quickly",config-hiring.tsx: department-only Select filter on rounds list,"No filters for employee class, location, position level"
Configuration/Recruitment,Interview Rounds,IRD-03,partial,Low,"As an HR admin, I want to reset the filters, so that I can start a new search from a clean state",'All departments' option acts as a partial reset (config-hiring.tsx),No explicit reset for multi-criteria filters
Configuration/Recruitment,Interview Rounds,IRD-04,partial,Medium,"As an HR admin, I want to view and edit an interview rounds entry, so that I can review round-to-panel mappings and update them",config-hiring.tsx: rounds entries viewable with round→panel mapping,No edit action on an existing rounds entry
Configuration/Recruitment,Interview Rounds,IRD-05,done,Medium,"As an HR admin, I want to see whether a configuration is employee class specific along with its applicability, so that I apply the correct rounds to each group",config-hiring.tsx: each row shows department · employeeClass · location,
Configuration/Recruitment,Letter Templates,LTT-01,done,High,"As an HR admin, I want to view the list of letter templates, so that I can see the appointment, offer, joining and cancel offer letters",config-approvals.tsx TA-15/TA-48: letter templates by letter type list,
Configuration/Recruitment,Letter Templates,LTT-02,done,High,"As an HR admin, I want to view an individual letter template, so that I can inspect its content before it is issued","config-approvals.tsx: 'View / edit' letter template dialog, save as new version",
Configuration/Recruitment,Letter Templates,LTT-03,partial,Low,"As an HR admin, I want to refresh the letter template list, so that I see the latest templates",Template list exists (config-approvals.tsx),No refresh control on letter template list
Configuration/Recruitment,Offer Approvers,OFA-01,done,High,"As an HR admin, I want to add a new offer approver, so that offers are routed to the right approver by location",config-approvals.tsx TA-46: 'Add offer approver rule' dialog,
Configuration/Recruitment,Offer Approvers,OFA-02,done,High,"As an HR admin, I want to define an out-of-band salary approver, so that offers above the normal band get additional approval",config-approvals.tsx TA-46: out-of-band approver — 'Above-band offers additionally route here',
Configuration/Recruitment,Offer Approvers,OFA-03,partial,Medium,"As an HR admin, I want to edit an existing offer approver rule, so that I can keep approvers current as locations change",Add + view exist (config-approvals.tsx),No edit action on an existing offer approver rule
Configuration/Recruitment,Offer Approvers,OFA-04,done,Medium,"As an HR admin, I want to view offer approvers with their locations and employee class specificity, so that I can review the approval matrix",config-approvals.tsx: offer approver table with location/class specificity,
Configuration/Recruitment,Position Level PayGrade,PLP-01,partial,High,"As an HR admin, I want to enable position level paygrade support, so that pay grades can be tied to position levels during recruitment",kensium-artifacts.ts 'Position Level PayGrade' artifact only,No paygrade enable toggle UI in recruitment module
Configuration/Recruitment,Position Level PayGrade,PLP-02,partial,Medium,"As an HR admin, I want to save and continue to the next configuration, so that I can complete setup in sequence",kensium-artifacts.ts artifact only,No save-and-continue wizard flow
Configuration/Recruitment,Posting Channel,PCH-01,done,High,"As a Recruiter, I want to add a new posting channel, so that vacancies can be published to the right channel",config-sourcing.tsx TA-37: 'Add channel' dialog + channels table,
Configuration/Recruitment,Posting Channel,PCH-02,partial,Medium,"As a Recruiter, I want to view and edit a posting channel, so that I can review or update its configuration",config-sourcing.tsx: channel table with details + active Switch toggle,No edit form for existing channel fields
Configuration/Recruitment,Posting Channel,PCH-03,partial,Low,"As a Recruiter, I want to refresh the posting channel list, so that I see the latest channels",Channel list exists (config-sourcing.tsx),No refresh control
Configuration/Recruitment,Posting Source Approvers,PSA-01,done,High,"As an HR admin, I want to add a new posting source approver, so that job postings are approved before they go live",config-sourcing.tsx TA-38: 'Add rule' dialog for posting-source approvers,
Configuration/Recruitment,Posting Source Approvers,PSA-02,partial,Medium,"As an HR admin, I want to edit a posting source approver rule, so that I can keep approvers current",Add + view exist (config-sourcing.tsx),No edit action on an existing approver rule
Configuration/Recruitment,Posting Source Approvers,PSA-03,done,Medium,"As an HR admin, I want to view posting source approvers with their posting mode, employee class and location, so that I can review the approval matrix",config-sourcing.tsx table: Posting mode / Employee class / Location / Approver(s),
Configuration/Recruitment,Pre Joining HR Approvers,PJH-01,done,High,"As an HR admin, I want to add a pre joining HR approver, so that HR-side pre-joining tasks are routed for approval",config-approvals.tsx TA-53: preJoiningHrApprovers Select assignment,
Configuration/Recruitment,Pre Joining HR Approvers,PJH-02,done,Medium,"As an HR admin, I want to edit a pre joining HR approver, so that I can update who approves pre-joining HR tasks",config-approvals.tsx: setPreJoiningHrApprovers via Select (change approver),
Configuration/Recruitment,Pre Joining HR Approvers,PJH-03,done,Low,"As an HR admin, I want to view the configured pre joining HR approvers, so that I know who is responsible for approvals",config-approvals.tsx: current HR approver displayed in Pre-joining approvers card,
Configuration/Recruitment,Pre Joining Network Approvers,PJN-01,done,High,"As a System admin, I want to add a pre joining network approver, so that IT/network pre-joining tasks are routed for approval",config-approvals.tsx TA-53: preJoiningNetworkApprovers Select assignment,
Configuration/Recruitment,Pre Joining Network Approvers,PJN-02,done,Medium,"As a System admin, I want to edit a pre joining network approver, so that I can update who approves network pre-joining tasks",config-approvals.tsx: setPreJoiningNetworkApprovers via Select,
Configuration/Recruitment,Pre Joining Network Approvers,PJN-03,done,Low,"As a System admin, I want to view the configured pre joining network approvers, so that I know who is responsible for approvals",config-approvals.tsx: current network approver displayed,
Configuration/Recruitment,Pre-Interview Questionnaire,PIQ-01,done,High,"As a Recruiter, I want to add a new pre-interview question, so that candidates can be assessed before interviews",config-hiring.tsx TA-43: add pre-interview question form,
Configuration/Recruitment,Pre-Interview Questionnaire,PIQ-02,done,Medium,"As a Recruiter, I want to add weightage for position level questions, so that scoring reflects the importance of each question per position",config-hiring.tsx: weightage field on question form (weighted questionnaire),
Configuration/Recruitment,Pre-Interview Questionnaire,PIQ-03,done,High,"As a Recruiter, I want to set a value, score and mandatory flag for a question, so that responses can be scored and required consistently","config-hiring.tsx: value, score, mandatory fields in question state/form",
Configuration/Recruitment,Pre-Interview Questionnaire,PIQ-04,done,Medium,"As a Recruiter, I want to view questions with their category, type, and position or employee class specificity, so that I can review the questionnaire configuration","config-hiring.tsx: questions listed with fieldType, positionLevel, employeeClass",
Configuration/Recruitment,Pre-Interview Questionnaire,PIQ-05,partial,Low,"As a Recruiter, I want to refresh the questionnaire list, so that I see the latest configured questions",Question list exists (config-hiring.tsx),No refresh control
Configuration/Recruitment,Recruiter Strengths,RCS-01,done,High,"As an HR admin, I want to add new recruiter strengths, so that recruiters can be matched to vacancies by their areas of strength",config-sourcing.tsx TA-56: 'Add strengths' dialog,
Configuration/Recruitment,Recruiter Strengths,RCS-02,done,Medium,"As an HR admin, I want to view recruiter strengths with their applicability, so that I can review how recruiters are profiled",config-sourcing.tsx: recruiter strengths table (Recruiter / Strengths),
Configuration/Recruitment,Recruiter Strengths,RCS-03,partial,Low,"As an HR admin, I want to refresh the recruiter strengths list, so that I see the latest entries",Strengths list exists (config-sourcing.tsx),No refresh control
Configuration/Recruitment,Reference Check,RFC-01,partial,High,"As an HR admin, I want to indicate whether employee reference checks are performed in house, so that the process follows our policy",kensium-artifacts.ts 'Reference Check' (Kensium: Recruitment) artifact only,No in-house reference check setting UI
Configuration/Recruitment,Reference Check,RFC-02,partial,High,"As an HR admin, I want to enable reference checks through emails, so that references can be collected electronically",kensium-artifacts.ts artifact only,No email-based reference check toggle UI
Configuration/Recruitment,Reference Check,RFC-03,partial,Medium,"As an HR admin, I want to save and continue to the next configuration, so that I can complete setup in sequence",kensium-artifacts.ts artifact only,No save-and-continue flow for reference check config
Configuration/Recruitment,Rehire Settings,RHS-01,done,High,"As an HR admin, I want to configure which personal and contact detail fields carry over on rehire, so that returning employees' basic data is reused correctly",config-onboarding.tsx TA-55 + config.ts REHIRE_TABS/defaultRehireSelections (personal/contact carry-over),
Configuration/Recruitment,Rehire Settings,RHS-02,done,Medium,"As an HR admin, I want to configure academic details, work experience and skills for rehire, so that a returning employee's professional history is retained",config-onboarding.tsx TA-55: rehire tabs cover academic/work-experience/skills selections,
Configuration/Recruitment,Rehire Settings,RHS-03,done,Medium,"As an HR admin, I want to configure employee verification and orientation for rehire, so that onboarding steps are handled appropriately for returning employees",config-onboarding.tsx TA-55: verification/orientation carry-over tabs,
Configuration/Recruitment,Rehire Settings,RHS-04,done,Low,"As an HR admin, I want to save and continue through the rehire configuration tabs, so that I can complete the setup in sequence",config-onboarding.tsx: REHIRE_TABS stepper to move through rehire configuration tabs,
Configuration/Recruitment,Required Candidate Documents,RCD-01,done,High,"As an HR admin, I want to enable setting up required documents at different recruitment stages, so that candidates submit the right documents at the right time",config-onboarding.tsx TA-54: enable Switch ('Disabled — document setup unavailable' when off),
Configuration/Recruitment,Required Candidate Documents,RCD-02,done,High,"As an HR admin, I want to add a new required document, so that candidates are asked for the documents we need",config-onboarding.tsx: 'Add document' dialog (docOpen),
Configuration/Recruitment,Required Candidate Documents,RCD-03,partial,Medium,"As an HR admin, I want to edit a required document, so that I can update document rules as needs change",Add + view exist (config-onboarding.tsx),No edit action for an existing required document
Configuration/Recruitment,Required Candidate Documents,RCD-04,done,Medium,"As an HR admin, I want to view required documents with their type and required-at stage, so that I can review what is asked at each recruitment stage","config-onboarding.tsx: stage-based required documents table (type, required-at stage)",
Configuration/Recruitment,Resource Requisition Approvers,RRA-01,done,High,"As an HR admin, I want to add a new resource requisition approver, so that resource requests are routed to the correct approver",config-approvals.tsx TA-52: 'Add resource-requisition approver rule' dialog,
Configuration/Recruitment,Resource Requisition Approvers,RRA-02,done,High,"As an HR admin, I want to define approvers for non-budgeted positions, so that unbudgeted requisitions get the required additional approval",config-approvals.tsx: non-budgeted approver — 'Non-budgeted requisitions route here in addition',
Configuration/Recruitment,Resource Requisition Approvers,RRA-03,partial,Medium,"As an HR admin, I want to filter rules by employee class, location, department and position, so that I can find the relevant approver configuration",Rule list exists (config-approvals.tsx),No filters by employee class/location/department/position level
Configuration/Recruitment,Resource Requisition Approvers,RRA-04,partial,Low,"As an HR admin, I want to reset the filters, so that I can start a new search from a clean state",Rule list exists (config-approvals.tsx),No filter reset (no filters implemented)
Configuration/Recruitment,Resource Requisition Approvers,RRA-05,partial,Medium,"As an HR admin, I want to view and edit an approver rule, so that I can review and update template names, approvers and applicability",Rules viewable in table (config-approvals.tsx),No edit action on an existing rule
Configuration/Recruitment,Setup,SET-01,partial,High,"As a System admin, I want to enable or disable the recruitment module, so that the organisation only uses recruitment features when needed",kensium-artifacts.ts 'Setup' (Kensium: Recruitment) artifact only,No module enable/disable toggle in recruitment UI
Configuration/Recruitment,Setup,SET-02,partial,Medium,"As a System admin, I want to save and continue to the next configuration, so that I can complete recruitment setup in sequence",kensium-artifacts.ts artifact only,No save-and-continue setup wizard
Configuration/Recruitment,Talent Pool Email,TPE-01,done,High,"As an HR admin, I want to indicate that an email id is set up to accept job applications, so that inbound applications can be imported into the talent pool",config-sourcing.tsx TA-40: talent pool email import enable Switch,
Configuration/Recruitment,Talent Pool Email,TPE-02,done,High,"As an HR admin, I want to add email server settings, so that the system can connect to the mailbox and import applications",config-sourcing.tsx: server/username/port/encryption/interval/timeout inputs + Save mailbox settings,
Configuration/Recruitment,Talent Pool Email,TPE-03,done,Medium,"As an HR admin, I want to choose whether emails are deleted from the server after import, so that the mailbox stays manageable",config-sourcing.tsx: 'Delete after import' Switch,
Configuration/Recruitment,Talent Pool Email,TPE-04,done,Medium,"As an HR admin, I want to enable a notification when a candidate profile is not shortlisted, so that candidates are informed appropriately",config-sourcing.tsx: 'Notify non-shortlisted' Switch,
Configuration/Recruitment,Talent Pool Email,TPE-05,done,Low,"As an HR admin, I want to view the configured email server settings, so that I can confirm the mailbox connection details",config-sourcing.tsx: saved mailbox settings displayed in form (seed imap.satellitehr.in in config.ts),
Configuration/Recruitment,Vacancy Assignment Method,VAM-01,done,High,"As an HR admin, I want to select the Manual vacancy assignment method, so that an authorised user can assign vacancies to recruiters themselves",config-sourcing.tsx TA-35 + config.ts ASSIGNMENT_METHODS: 'manual' selectable,
Configuration/Recruitment,Vacancy Assignment Method,VAM-02,done,High,"As an HR admin, I want to select the Round robin assignment method, so that the system distributes vacancies to recruiters in sequence by functional location",config-sourcing.tsx TA-35: 'round-robin' method selectable,
Configuration/Recruitment,Vacancy Assignment Method,VAM-03,done,High,"As an HR admin, I want to select the Workload assignment method, so that vacancies are balanced by each recruiter's current load",config-sourcing.tsx TA-35: 'workload' method selectable,
Configuration/Recruitment,Vacancy Assignment Method,VAM-04,partial,Medium,"As an HR admin, I want to save and continue to the next configuration, so that I can complete setup in sequence",Method saved via section state (config-sourcing.tsx),No save-and-continue wizard progression between config screens
Configuration/Resource Management,Client Master,CLM-01,partial,High,"As an HR admin, I want to add a new client with name, creation date, billable flag, email and address, so that the client is available for resource assignments",kensium-artifacts.ts ~L3420 'Client Master' artifact (placeholder def),No client list/add-edit UI in any POC module
Configuration/Resource Management,Client Master,CLM-02,partial,High,"As an HR admin, I want to edit an existing client's details, so that client information stays accurate",kensium-artifacts.ts Client Master artifact only,No edit-client form in UI
Configuration/Resource Management,Client Master,CLM-03,partial,Medium,"As an HR admin, I want to search for a client by name, so that I can quickly find a specific client among many",kensium-artifacts.ts Client Master artifact only,No client search UI
Configuration/Resource Management,Client Master,CLM-04,partial,Low,"As an HR admin, I want to reset the search filters, so that I can return to the full client list",kensium-artifacts.ts Client Master artifact only,No search/reset filters UI
Configuration/Resource Management,Client Master,CLM-05,partial,Medium,"As an HR admin, I want to flag whether a client is always non-billable, so that billing rules are applied correctly during assignments",kensium-artifacts.ts Client Master artifact only,No always-non-billable flag UI
Configuration/Resource Management,Client Master,CLM-06,partial,Low,"As an HR admin, I want to page through the client list, so that I can browse all 225 clients efficiently",kensium-artifacts.ts Client Master artifact only,No client list pagination UI
Configuration/Resource Management,Escalation Custom Fields,ECF-01,partial,High,"As an HR admin, I want to add a new custom field with a custom value and associated escalation matrix, so that escalations can be tailored to specific priorities",kensium-artifacts.ts ~L3451 Escalation Custom Fields artifact (placeholder),No custom-fields add/list UI
Configuration/Resource Management,Escalation Custom Fields,ECF-02,partial,Medium,"As an HR admin, I want to edit an existing custom field, so that its value or linked escalation matrix stays current",kensium-artifacts.ts Escalation Custom Fields artifact only,No edit custom field UI
Configuration/Resource Management,Escalation Custom Fields,ECF-03,partial,Medium,"As an HR admin, I want to link a custom field value to multiple escalation levels, so that the right escalation path is triggered","kensium-artifacts.ts artifact only; sla-tab.tsx escalation is workflow SLA, not field mapping",No field-value to escalation-level mapping UI
Configuration/Resource Management,Escalation Custom Fields,ECF-04,partial,Low,"As an HR admin, I want to refresh the custom fields list, so that I see the latest saved entries",kensium-artifacts.ts Escalation Custom Fields artifact only,No list/refresh UI
Configuration/Resource Management,Escalation Matrix,ESM-01,partial,High,"As an HR admin, I want to add a new escalation matrix with a matrix name and associated email ids, so that escalations are routed to the correct people",kensium-artifacts.ts ~L3476 Escalation Matrix artifact (placeholder),No matrix name + email ids create UI
Configuration/Resource Management,Escalation Matrix,ESM-02,partial,High,"As an HR admin, I want to define multiple escalation levels each with their own email recipients, so that issues escalate through the right chain","kensium-artifacts.ts artifact; workflows sla-tab has generic escalation strategies, not email-level matrices",No per-level email recipients UI
Configuration/Resource Management,Escalation Matrix,ESM-03,partial,Low,"As an HR admin, I want to refresh the escalation matrix list, so that I see the latest configured matrices",kensium-artifacts.ts Escalation Matrix artifact only,No matrix list/refresh UI
Configuration/Resource Management,Escalation Matrix,ESM-04,partial,Medium,"As an HR admin, I want to view all configured escalation matrices with their email recipients, so that I can verify escalation routing at a glance",kensium-artifacts.ts Escalation Matrix artifact only,No matrix list view with recipients
Configuration/Resource Management,Resource Management Settings,RMS-01,partial,High,"As an HR admin, I want to enable notifying the project admin when a project is closed and set how many days before closure to notify, so that admins are alerted in time",kensium-artifacts.ts ~L3504 Resource Management Settings artifact (placeholder),No project-closure notification toggle/days UI
Configuration/Resource Management,Resource Management Settings,RMS-02,partial,High,"As an HR admin, I want to enable notifying the reporting manager when a resource assignment ends and set the lead time, so that managers can plan reassignments",kensium-artifacts.ts RM Settings artifact only,No assignment-end notification setting UI
Configuration/Resource Management,Resource Management Settings,RMS-03,partial,Medium,"As an HR admin, I want to configure a default bench manager, default assignment duration and default allocated hours, so that unspecified assignments use sensible defaults",kensium-artifacts.ts RM Settings artifact only,No bench manager / default duration / hours defaults UI
Configuration/Resource Management,Resource Management Settings,RMS-04,partial,Medium,"As an HR admin, I want to enable notifications for project assignments and notify employees on a recurring weekly schedule, so that employees stay informed of their assignments",kensium-artifacts.ts RM Settings artifact only,No recurring weekly assignment-notification UI
Configuration/Resource Management,Resource Management Settings,RMS-05,partial,Low,"As an HR admin, I want to save my settings or save and proceed to the next screen, so that I can persist configuration without losing progress",kensium-artifacts.ts RM Settings artifact only,No Save / Save & Next settings flow
Configuration/Resource Management,Setup,SET-01,partial,High,"As a System admin, I want to enable or disable the resource management module, so that the feature is available only when the organization needs it","kensium-artifacts.ts ~L3535 Setup artifact (enable/disable module, placeholder)",No module enable/disable toggle UI
Configuration/Resource Management,Setup,SET-02,partial,Medium,"As a System admin, I want to save my setup selection or save and continue to the next step, so that my configuration is persisted",kensium-artifacts.ts Setup artifact only,No Save / Save & Next setup flow
Configuration/Resource Management,Survey Questions,SQ-01,partial,High,"As an HR admin, I want to enable the survey and set a survey title, so that clients receive a titled satisfaction survey",kensium-artifacts.ts ~L3560 Survey Questions artifact (placeholder),No survey enable/title UI
Configuration/Resource Management,Survey Questions,SQ-02,partial,High,"As an HR admin, I want to add a new survey question with a question type, options and mandatory flag, so that I can capture the feedback I need",kensium-artifacts.ts Survey Questions artifact only,No add-question form (type/options/mandatory)
Configuration/Resource Management,Survey Questions,SQ-03,partial,Medium,"As an HR admin, I want to create both objective (radio option) and subjective questions, so that surveys capture both rated and free-text feedback",kensium-artifacts.ts Survey Questions artifact only,No objective/subjective question-type UI
Configuration/Resource Management,Survey Questions,SQ-04,partial,Medium,"As an HR admin, I want to set the order of questions in the list, so that respondents see them in the intended sequence",kensium-artifacts.ts Survey Questions artifact only,No question list ordering UI
Configuration/Resource Management,Survey Questions,SQ-05,partial,Medium,"As an HR admin, I want to edit or delete existing survey questions, so that the survey stays relevant",kensium-artifacts.ts Survey Questions artifact only,No edit/delete question actions
Configuration/Resource Management,Survey Questions,SQ-06,partial,Low,"As an HR admin, I want to save survey settings or save and continue, so that my survey configuration persists",kensium-artifacts.ts Survey Questions artifact only,No Save / Save & Next survey flow
Configuration/Resource Management,Wrike Integration,WRK-01,partial,Medium,"As a System admin, I want to access the Wrike Integration configuration screen, so that I can connect resource management with Wrike",kensium-artifacts.ts ~L3598 Wrike Integration artifact key 'wrike-integration' (placeholder),No Wrike integration config screen in UI
Configuration/Resource Management,Wrike Integration,WRK-02,partial,High,"As a System admin, I want the Wrike Integration screen to require a valid login session, so that integration settings remain secure",kensium-artifacts.ts Wrike Integration artifact only,No auth gating / login redirect for integration screen
Configuration/Salary Revision,Salary Revision Approvers,SRA-01,partial,High,"As an HR admin, I want to view the list of salary revision approvers with their template name, period basis, location, departments and approvers, so that I can review the current a",kensium-artifacts.ts:3626 'Salary Revision Approvers' artifact (placeholder def),No approvers list UI; requests-tabs.tsx approver routing table is for class changes only
Configuration/Salary Revision,Salary Revision Approvers,SRA-02,partial,High,"As an HR admin, I want to add a new salary revision approver, so that salary revisions route to the correct approvers",kensium-artifacts.ts:3626 artifact only,No 'Add new salary revision approver' form
Configuration/Salary Revision,Salary Revision Approvers,SRA-03,partial,Medium,"As an HR admin, I want to edit an existing salary revision approver, so that I can keep the approval routing up to date",kensium-artifacts.ts:3626 artifact only,No edit flow for approver configurations
Configuration/Salary Revision,Salary Revision Approvers,SRA-04,partial,Medium,"As an HR admin, I want to configure the period the revision is based on and the applicable location and departments, so that approvals apply to the right employees",kensium-artifacts.ts:3626 artifact only,No period-basis / location / departments scoping fields
Configuration/Salary Revision,Salary Revision Approvers,SRA-05,partial,Medium,"As an HR admin, I want to specify whether an approver configuration is employee class specific and define the approver hierarchy, so that approvals follow the correct reporting cha",kensium-artifacts.ts:3626 artifact only,No employee-class-specific flag or approver hierarchy selection
Configuration/Salary Revision,Salary Revision Approvers,SRA-06,partial,Low,"As an HR admin, I want to page through the approvers list, so that I can find a specific configuration when many exist",kensium-artifacts.ts:3626 artifact only,"No approvers list, so no pagination"
Configuration/Salary Revision,Salary Revision Questionnaire,SRQ-01,partial,High,"As an HR admin, I want to view the list of salary revision questions with their type, options, specificity and mandatory flag, so that I can review the questionnaire configuration",kensium-artifacts.ts:3664 'Salary Revision Questionnaire' artifact (placeholder def),No questionnaire list UI (question text/type/options/specificity/mandatory) in employees or workflows modules
Configuration/Salary Revision,Salary Revision Questionnaire,SRQ-02,partial,High,"As an HR admin, I want to enable whether a questionnaire is required while revising an employee's salary, so that reviewers complete it during the revision process",kensium-artifacts.ts:3664 artifact only,No enable/disable toggle for questionnaire-required-during-revision setting
Configuration/Salary Revision,Salary Revision Questionnaire,SRQ-03,partial,High,"As an HR admin, I want to add a new question, so that I can capture the information needed during salary revision",kensium-artifacts.ts:3664 artifact only,No 'Add new question' form/flow in POC UI
Configuration/Salary Revision,Salary Revision Questionnaire,SRQ-04,partial,Medium,"As an HR admin, I want to configure a question's options with value, score and display order, so that responses can be scored and ordered consistently",kensium-artifacts.ts:3664 artifact only,No option editor with value/score/display order
Configuration/Salary Revision,Salary Revision Questionnaire,SRQ-05,partial,Medium,"As an HR admin, I want to mark a question as mandatory and set it as employee class or position specific, so that the right questions apply to the right reviews",kensium-artifacts.ts:3664 artifact only,No mandatory / employee-class-specific / position-specific flags UI
Configuration/Salary Revision,Salary Revision Questionnaire,SRQ-06,partial,Medium,"As an HR admin, I want to save a question and continue to the next using Save & Next, so that I can efficiently build the questionnaire",kensium-artifacts.ts:3664 artifact only,No Save & Next multi-question editing flow
Configuration/Salary Revision,Salary Revision Questionnaire,SRQ-07,partial,Medium,"As an HR admin, I want to edit an existing question and refresh the list, so that the questionnaire stays current",kensium-artifacts.ts:3664 artifact only,No edit-question or list refresh capability
Configuration/Salary Revision,Salary Revision Questionnaire,SRQ-08,partial,Low,"As an HR admin, I want to close the question editor without saving, so that I can discard unintended changes",kensium-artifacts.ts:3664 artifact only,"No question editor, so no close/cancel-without-saving behavior"
Configuration/Security,Manage Active Directory,AD-01,done,High,"As a System admin, I want to enable or disable Active Directory integration, so that employee authentication can be tied to our corporate directory",auth-active-directory.tsx Yes/No RadioGroup + store.saveAdConfig,
Configuration/Security,Manage Active Directory,AD-02,done,High,"As a System admin, I want to select applicable employee classes for AD integration, so that only the intended employee classes are governed by the directory policy",auth-active-directory.tsx 'Applicable employee classes' checklist,
Configuration/Security,Manage Active Directory,AD-03,done,Medium,"As a System admin, I want to scope AD integration by applicable locations, so that the policy targets the correct offices",auth-active-directory.tsx 'Applicable locations' checklist,
Configuration/Security,Manage Active Directory,AD-04,done,Medium,"As a System admin, I want to scope AD integration by applicable departments, so that the policy applies only to relevant departments",auth-active-directory.tsx 'Applicable departments' checklist,
Configuration/Security,Manage Active Directory,AD-05,done,Medium,"As a System admin, I want to move positions between available and selected lists using the shuttle controls, so that I can define mandatory and applicable AD positions precisely",auth-active-directory.tsx positions shuttle (available/selected move buttons),
Configuration/Security,Manage Active Directory,AD-06,done,Medium,"As a System admin, I want to designate mandatory Active Directory positions, so that those roles are enforced to have AD accounts",auth-active-directory.tsx mandatoryPositions checkboxes in selected list,
Configuration/Security,Manage Active Directory,AD-07,partial,High,"As a System admin, I want to save my AD configuration and optionally continue to the next step, so that my settings persist and I can proceed efficiently",auth-active-directory.tsx save() -> store.saveAdConfig,Save works; no Save & Next step flow
Configuration/Security,Password Policy,PWD-01,done,High,"As a System admin, I want to set the number of days after which a password expires, so that users are forced to rotate credentials periodically",roles-security/components/auth-password-policy.tsx expiryDays field,
Configuration/Security,Password Policy,PWD-02,done,High,"As a System admin, I want to configure the maximum number of wrong password attempts, so that accounts are locked after repeated failed logins",auth-password-policy.tsx maxWrongAttempts field,
Configuration/Security,Password Policy,PWD-03,done,Medium,"As a System admin, I want to define how many hours until a locked account is reactivated, so that users regain access automatically after a cooldown",auth-password-policy.tsx reactivationHours field,
Configuration/Security,Password Policy,PWD-04,done,Medium,"As a System admin, I want to prevent reuse of previous passwords, so that users cannot cycle back to old credentials",auth-password-policy.tsx historyDepth field + reuse check in validator,
Configuration/Security,Password Policy,PWD-05,done,High,"As a System admin, I want to enforce minimum and maximum password length, so that passwords meet complexity standards",auth-password-policy.tsx minLength/maxLength with cross-field refine,
Configuration/Security,Password Policy,PWD-06,done,High,"As a System admin, I want to require character categories such as upper case, lower case, special characters, and numbers, so that passwords are sufficiently strong",auth-password-policy.tsx requireUpper/Lower/Number/Special toggles,
Configuration/Security,Password Policy,PWD-07,partial,Medium,"As a System admin, I want to save or cancel my password policy changes, so that I can persist valid settings or discard unwanted edits",auth-password-policy.tsx 'Save policy' button,No Cancel/discard or Save & Next action; only Save is offered
Configuration/Surveys,Setup,SET-01,partial,High,"As an HR admin, I want to enable or disable the Survey Module using a Yes/No option, so that I can control whether survey features are available in the system.",kensium-artifacts.ts ~L3761 Survey Module Yes/No setup artifact (placeholder),No Setup screen toggle UI in POC
Configuration/Surveys,Setup,SET-02,partial,High,"As an HR admin, I want to save my Survey Module configuration, so that my enablement choice is persisted.",kensium-artifacts.ts Survey Module setup artifact only,No Save action for survey module config
Configuration/Surveys,Setup,SET-03,partial,Medium,"As an HR admin, I want to save and continue to the next configuration step, so that I can complete the survey setup flow efficiently.",kensium-artifacts.ts Survey Module setup artifact only,No Save & Next wizard step
Configuration/Surveys,Setup,SET-04,partial,Low,"As an HR admin, I want to cancel out of the Setup screen without saving, so that I can discard unintended changes.",kensium-artifacts.ts Survey Module setup artifact only,No Cancel flow
Configuration/Surveys,Survey Approvers,SAP-01,partial,High,"As an HR admin, I want to add a new survey approver, so that surveys can be routed to the correct people for approval.",kensium-artifacts.ts ~L3786 'Survey Approvers' artifact (placeholder),No add-approver UI in POC
Configuration/Surveys,Survey Approvers,SAP-02,partial,High,"As an HR admin, I want to view the list of survey approvers with their group ID, location, and approvers, so that I can review the approval configuration.",kensium-artifacts.ts 'Survey Approvers' artifact only,No approvers list table with group/location/approver columns
Configuration/Surveys,Survey Approvers,SAP-03,partial,Medium,"As an HR admin, I want to map approvers to specific locations, so that the correct approver handles surveys for each location.",kensium-artifacts.ts 'Survey Approvers' artifact only,No location-to-approver mapping form
Configuration/Surveys,Survey Approvers,SAP-04,partial,Low,"As an HR admin, I want to navigate to Email Templates from the Survey Approvers screen, so that I can manage related survey notifications.",Survey Email Template artifact exists (~L4155) but no link/nav UI,No Email Templates navigation from approvers screen
Configuration/Surveys,Survey Approvers,SAP-05,partial,Low,"As an HR admin, I want to proceed to the next step or cancel from the Survey Approvers screen, so that I can control the configuration workflow.",kensium-artifacts.ts 'Survey Approvers' artifact only,No Next/Cancel workflow controls
Configuration/Surveys,Survey List,SVL-01,partial,High,"As an HR admin, I want to add a new survey, so that I can collect feedback from employees.",kensium-artifacts.ts ~L3824 'Survey List' artifact (placeholder),No survey creation UI (add new survey) in any POC module
Configuration/Surveys,Survey List,SVL-02,partial,High,"As an HR admin, I want to search surveys by period and status, so that I can quickly find relevant surveys.",kensium-artifacts.ts 'Survey List' artifact only,No survey list table with period/status search
Configuration/Surveys,Survey List,SVL-03,partial,Medium,"As an HR admin, I want to filter surveys by status such as Pending Approval, Published, or Completed, so that I can focus on surveys in a particular state.",kensium-artifacts.ts 'Survey List' artifact only,No status filter dropdown UI
Configuration/Surveys,Survey List,SVL-04,partial,Medium,"As an HR admin, I want to reset my search filters, so that I can return to the full survey list.",kensium-artifacts.ts 'Survey List' artifact only,No filter reset UI
Configuration/Surveys,Survey List,SVL-05,partial,Medium,"As an HR admin, I want to view survey details including title, start/end dates, anonymity, created by, published date, applicability, and status, so that I can review each survey a",kensium-artifacts.ts 'Survey List' artifact only,"No list columns (title, dates, anonymity, status, etc.)"
Configuration/Surveys,Survey List,SVL-06,partial,Medium,"As an HR admin, I want to open a survey via the View task action, so that I can inspect its configuration and results.",kensium-artifacts.ts 'Survey List' artifact only,No View task action / survey detail view
Configuration/Surveys,Survey List,SVL-07,partial,Low,"As an HR admin, I want to refresh the survey list and page through results, so that I can see the latest data across many surveys.",kensium-artifacts.ts 'Survey List' artifact only,No refresh/pagination UI
Configuration/Tax Planning - Finance,Categories,CAT-01,partial,High,"As an HR admin, I want to add a new tax deduction category, so that employees can classify their investment declarations correctly",kensium-artifacts.ts key 'categories' (placeholder),"No add-category UI (name, max limit)"
Configuration/Tax Planning - Finance,Categories,CAT-02,partial,High,"As an HR admin, I want to edit an existing category, so that I can keep its name and maximum limit up to date",kensium-artifacts.ts key 'categories' (placeholder),No edit-category UI
Configuration/Tax Planning - Finance,Categories,CAT-03,partial,Medium,"As an HR admin, I want to view categories with their name and maximum allowable limit, so that I can review the deduction ceilings at a glance",kensium-artifacts.ts key 'categories' (placeholder); category names only appear in self-service tax data,No categories list with name and max limit
Configuration/Tax Planning - Finance,Categories,CAT-04,partial,Medium,"As an HR admin, I want to filter categories by financial year, so that I see the deduction limits applicable to the selected year",kensium-artifacts.ts key 'categories' (placeholder),No financial-year filter
Configuration/Tax Planning - Finance,Categories,CAT-05,partial,Low,"As an HR admin, I want to refresh the categories list, so that I always see the latest saved data",kensium-artifacts.ts key 'categories' (placeholder),No refresh control
Configuration/Tax Planning - Finance,Categories,CAT-06,partial,Low,"As an HR admin, I want to page through the categories list, so that I can navigate large sets of categories",kensium-artifacts.ts key 'categories' (placeholder),No pagination
Configuration/Tax Planning - Finance,Deductions,DED-01,partial,High,"As an HR admin, I want to add a new deduction, so that employees can declare eligible tax-saving investments",kensium-artifacts.ts key 'deductions' (placeholder); employee-side declare only in self-service/tax-tab.tsx,"No admin UI to add deduction master (name, category, max limit, remarks)"
Configuration/Tax Planning - Finance,Deductions,DED-02,partial,High,"As an HR admin, I want to edit an existing deduction, so that I can update its category, limit or remarks",kensium-artifacts.ts key 'deductions' (placeholder),No admin edit-deduction UI
Configuration/Tax Planning - Finance,Deductions,DED-03,partial,Medium,"As an HR admin, I want to search deductions, so that I can quickly locate a specific deduction",kensium-artifacts.ts key 'deductions' (placeholder),No deductions list with search
Configuration/Tax Planning - Finance,Deductions,DED-04,partial,Low,"As an HR admin, I want to reset the search filters, so that I can return to the full deductions list",kensium-artifacts.ts key 'deductions' (placeholder),No search/reset filter controls
Configuration/Tax Planning - Finance,Deductions,DED-05,partial,Medium,"As an HR admin, I want to filter deductions by category, so that I can review deductions belonging to a specific tax section",kensium-artifacts.ts key 'deductions' (placeholder),No category filter on deductions list
Configuration/Tax Planning - Finance,Deductions,DED-06,partial,Medium,"As an HR admin, I want to filter deductions by financial year, so that I see the deductions applicable to the selected year",kensium-artifacts.ts key 'deductions' (placeholder),No financial-year filter
Configuration/Tax Planning - Finance,Deductions,DED-07,partial,Low,"As an HR admin, I want to page through the deductions list, so that I can navigate all configured deductions",kensium-artifacts.ts key 'deductions' (placeholder),No paginated deductions list
Configuration/Tax Planning - Finance,Food Allowance,FA-01,partial,High,"As an HR admin, I want to add a food allowance with applicable employees and an amount, so that eligible employees receive the correct tax-exempt food benefit",kensium-artifacts.ts Food Allowance artifact (placeholder),No add food allowance UI (employees + amount)
Configuration/Tax Planning - Finance,Food Allowance,FA-02,partial,High,"As an HR admin, I want to edit an existing food allowance, so that I can update the applicable employees or the amount",kensium-artifacts.ts Food Allowance artifact (placeholder),No edit food allowance UI
Configuration/Tax Planning - Finance,Food Allowance,FA-03,partial,Medium,"As an HR admin, I want to view food allowances with applicable employees and amount, so that I can confirm who receives the benefit and how much",kensium-artifacts.ts Food Allowance artifact (placeholder),No food allowance list view
Configuration/Tax Planning - Finance,Food Allowance,FA-04,partial,Medium,"As an HR admin, I want to filter food allowances by financial year, so that I see the allowances applicable to the selected year",kensium-artifacts.ts Food Allowance artifact (placeholder),No financial-year filter
Configuration/Tax Planning - Finance,Food Allowance,FA-05,partial,Low,"As an HR admin, I want to refresh the food allowance list, so that I always see the latest saved records",kensium-artifacts.ts Food Allowance artifact (placeholder),No refresh control
Configuration/Tax Planning - Finance,Income Tax Slabs,ITS-01,partial,High,"As an HR admin, I want to add an income tax slab with a range and rate, so that payroll can calculate tax correctly per income bracket",kensium-artifacts.ts key 'income-tax-slabs' (placeholder),No UI to add slab with range from/to and rate
Configuration/Tax Planning - Finance,Income Tax Slabs,ITS-02,partial,High,"As an HR admin, I want to edit an existing tax slab, so that I can update its range boundaries or tax rate",kensium-artifacts.ts key 'income-tax-slabs' (placeholder),No edit-slab UI
Configuration/Tax Planning - Finance,Income Tax Slabs,ITS-03,partial,High,"As an HR admin, I want the system to ensure tax slab ranges are configured without gaps, so that every income amount is covered by a rate",kensium-artifacts.ts key 'income-tax-slabs' (placeholder),No gap-free range validation
Configuration/Tax Planning - Finance,Income Tax Slabs,ITS-04,partial,Medium,"As an HR admin, I want to view tax slabs with their range from, range to and rate, so that I can review the full tax structure",kensium-artifacts.ts key 'income-tax-slabs' (placeholder),No slab list view
Configuration/Tax Planning - Finance,Income Tax Slabs,ITS-05,partial,Medium,"As an HR admin, I want to filter tax slabs by financial year, so that I see the slabs applicable to the selected year",kensium-artifacts.ts key 'income-tax-slabs' (placeholder),No financial-year filter
Configuration/Tax Planning - Finance,Income Tax Slabs,ITS-06,partial,Low,"As an HR admin, I want to refresh the tax slabs list, so that I always see the latest saved configuration",kensium-artifacts.ts key 'income-tax-slabs' (placeholder),No refresh control
Configuration/Tax Planning - Finance,Setup,SET-01,partial,High,"As a System admin, I want to enable or disable Tax Planning, so that the tax planning module is available only when the organization needs it",kensium-artifacts.ts Setup artifact 'Enable or disable Tax Planning' (placeholder),No enable/disable Tax Planning toggle UI
Configuration/Tax Planning - Finance,Setup,SET-02,partial,Medium,"As a System admin, I want to save my setup choice and proceed to the next configuration step, so that I can continue configuring tax planning in sequence",kensium-artifacts.ts Setup artifact (placeholder),No Save & Next wizard flow
Configuration/Tax Planning - Finance,Setup,SET-03,partial,Low,"As a System admin, I want to cancel the setup without saving, so that I can exit without changing the current configuration",kensium-artifacts.ts Setup artifact (placeholder),No Cancel/exit-without-save flow
Configuration/Tax Planning - Finance,Tax Planning Configuration,TPC-01,partial,High,"As an HR admin, I want to set the deadline for employees to declare investment details as days after the start of the financial year, so that declarations are collected within a co",kensium-artifacts.ts key 'tax-planning-configuration' (placeholder),No declaration-deadline (days after FY start) setting UI
Configuration/Tax Planning - Finance,Tax Planning Configuration,TPC-02,partial,Medium,"As an HR admin, I want to configure a reminder for employees to declare investment details before the due date, so that employees are prompted in time",kensium-artifacts.ts key 'tax-planning-configuration' (placeholder),No declaration reminder config
Configuration/Tax Planning - Finance,Tax Planning Configuration,TPC-03,partial,High,"As an HR admin, I want to set how many days from date of joining a new joinee can declare investment details, so that new hires have a fair declaration window",kensium-artifacts.ts key 'tax-planning-configuration' (placeholder),No new-joinee declaration window config
Configuration/Tax Planning - Finance,Tax Planning Configuration,TPC-04,partial,High,"As an HR admin, I want to set when employees can submit investment proofs as days before end of financial year, so that proof submission opens at the right time",kensium-artifacts.ts key 'tax-planning-configuration' (placeholder),No proof-submission start config
Configuration/Tax Planning - Finance,Tax Planning Configuration,TPC-05,partial,Medium,"As an HR admin, I want to set the due day and reminder for submitting investment details before end of financial year, so that proof submission is completed on time",kensium-artifacts.ts key 'tax-planning-configuration' (placeholder),No submission due date + reminder config
Configuration/Tax Planning - Finance,Tax Planning Configuration,TPC-06,partial,High,"As an HR admin, I want to assign applicable locations and employee classes using the transfer controls, so that tax planning applies only to the relevant employees",kensium-artifacts.ts key 'tax-planning-configuration' (placeholder),No location/employee-class transfer controls
Configuration/Tax Planning - Finance,Tax Planning Configuration,TPC-07,partial,Medium,"As an HR admin, I want to save the configuration and proceed to the next step, so that I can complete the tax planning setup in sequence",kensium-artifacts.ts key 'tax-planning-configuration' (placeholder),No Save & Next flow
Configuration/Templates,Email Templates,AET-01,done,High,"As an HR admin, I want to view the list of asset email templates with their type, description and task, so that I can see which asset emails are configured","notifications/components/templates-tab.tsx: DataTable lists Asset templates (type/description cols), domain filter",
Configuration/Templates,Email Templates,AET-02,done,High,"As an HR admin, I want to open and view a specific asset email template, so that I can review its content before it is sent",notifications/components/templates-tab.tsx: View button opens template content dialog with rendered subject/body,
Configuration/Templates,Email Templates,AET-03,done,Medium,"As an HR admin, I want to refresh the asset email templates list, so that I see the most current templates",notifications/components/templates-tab.tsx: Refresh icon button reloads list with toast,
Configuration/Templates,Email Templates,AET-04,done,Medium,"As an HR admin, I want to switch between the Email Templates and Notification Templates views, so that I can manage both channels for assets",notifications/components/templates-tab.tsx: Email/Notification Templates channel tabs (NTF-27),
Configuration/Templates,Email Templates,AET-05,partial,Low,"As an HR admin, I want to cancel out of the asset email templates screen, so that I can return to the previous configuration page",notifications/components/templates-tab.tsx: navigate away via module tabs,No explicit Cancel/back button on templates screen
Configuration/Templates,Email Templates,FET-01,done,High,"As an HR admin, I want to view the feedback and grievance email template list, so that I can confirm the template is configured","notifications/components/templates-tab.tsx: DataTable lists Feedback & Grievance templates (type/description cols), domain filter",
Configuration/Templates,Email Templates,FET-02,done,High,"As an HR admin, I want to open and view the Feedback / Grievance email template, so that I can review the message employees receive",notifications/components/templates-tab.tsx: View button opens template content dialog with rendered subject/body,
Configuration/Templates,Email Templates,FET-03,done,Medium,"As an HR admin, I want to refresh the feedback email templates list, so that I always see current data",notifications/components/templates-tab.tsx: Refresh icon button reloads list with toast,
Configuration/Templates,Email Templates,FET-04,done,Medium,"As an HR admin, I want to switch to the Notification Templates view for feedback, so that I can manage the notification channel as well",notifications/components/templates-tab.tsx: Email/Notification Templates channel tabs (NTF-27),
Configuration/Templates,Email Templates,FIN-01,done,High,"As a Finance admin, I want to view the finance email templates list, so that I can see the configured finance emails","notifications/components/templates-tab.tsx: DataTable lists Finance templates (type/description cols), domain filter",
Configuration/Templates,Email Templates,FIN-02,done,High,"As a Finance admin, I want to open and view the Finance Email template, so that I can review its content",notifications/components/templates-tab.tsx: View button opens template content dialog with rendered subject/body,
Configuration/Templates,Email Templates,FIN-03,done,Medium,"As a Finance admin, I want to refresh the finance email templates list, so that I always see up to date data",notifications/components/templates-tab.tsx: Refresh icon button reloads list with toast,
Configuration/Templates,Email Templates,FIN-04,partial,Low,"As a Finance admin, I want to cancel out of the finance email templates screen, so that I can return to the previous page",notifications/components/templates-tab.tsx: navigate away via module tabs,No explicit Cancel/back button on templates screen
Configuration/Templates,Email Templates,PET-01,done,High,"As an HR admin, I want to view the performance management email templates list, so that I can manage all performance review related emails","notifications/components/templates-tab.tsx: DataTable lists Performance templates (type/description cols), domain filter",
Configuration/Templates,Email Templates,PET-02,done,High,"As an HR admin, I want to open and view a specific performance email template such as Goal KRA Assignment Emails, so that I can review its content",notifications/components/templates-tab.tsx: View button opens template content dialog with rendered subject/body,
Configuration/Templates,Email Templates,PET-03,partial,Medium,"As an HR admin, I want to page through the performance email templates list, so that I can access all 17 templates across pages","notifications/components/templates-tab.tsx: DataTable renders full list, Performance domain filter",No pagination/Next control; components/common/data-table has no pager
Configuration/Templates,Email Templates,PET-04,done,Medium,"As an HR admin, I want to refresh the performance email templates list, so that I see the latest configuration",notifications/components/templates-tab.tsx: Refresh icon button reloads list with toast,
Configuration/Templates,Email Templates,PET-05,done,Medium,"As an HR admin, I want to switch to the Notification Templates view for performance management, so that I can manage notifications alongside emails",notifications/components/templates-tab.tsx: Email/Notification Templates channel tabs (NTF-27),
Configuration/Templates,Email Templates,PET-06,partial,Low,"As an HR admin, I want to cancel out of the performance email templates screen, so that I can return to the previous page",notifications/components/templates-tab.tsx: navigate away via module tabs,No explicit Cancel/back button on templates screen
Configuration/Templates,Email Templates,RET-01,done,High,"As a Project admin, I want to view the resource management email templates list, so that I can manage project and resource related emails","notifications/components/templates-tab.tsx: DataTable lists Resource Management templates (type/description cols), domain filter",
Configuration/Templates,Email Templates,RET-02,done,High,"As a Project admin, I want to open and view a specific resource email template such as Project is closed, so that I can review its content",notifications/components/templates-tab.tsx: View button opens template content dialog with rendered subject/body,
Configuration/Templates,Email Templates,RET-03,done,Medium,"As a Project admin, I want to refresh the resource management email templates list, so that I see the latest configuration",notifications/components/templates-tab.tsx: Refresh icon button reloads list with toast,
Configuration/Templates,Email Templates,RET-04,done,Medium,"As a Project admin, I want to switch to the Notification Templates view for resource management, so that I can manage notifications alongside emails",notifications/components/templates-tab.tsx: Email/Notification Templates channel tabs (NTF-27),
Configuration/Templates,Email Templates,RET-05,partial,Low,"As a Project admin, I want to cancel out of the resource email templates screen, so that I can return to the previous page",notifications/components/templates-tab.tsx: navigate away via module tabs,No explicit Cancel/back button on templates screen
Configuration/Templates,Email Templates,SET-01,done,High,"As an HR admin, I want to view the survey email template list, so that I can confirm the survey email is configured","notifications/components/templates-tab.tsx: DataTable lists Survey templates (type/description cols), domain filter",
Configuration/Templates,Email Templates,SET-02,done,High,"As an HR admin, I want to open and view the Survey Email template, so that I can review its content",notifications/components/templates-tab.tsx: View button opens template content dialog with rendered subject/body,
Configuration/Templates,Email Templates,SET-03,done,Medium,"As an HR admin, I want to refresh the survey email templates list, so that I always see current data",notifications/components/templates-tab.tsx: Refresh icon button reloads list with toast,
Configuration/Templates,Email Templates,SET-04,done,Medium,"As an HR admin, I want to switch to the Notification Templates view for surveys, so that I can manage the notification channel as well",notifications/components/templates-tab.tsx: Email/Notification Templates channel tabs (NTF-27),
Configuration/Templates,Email Templates,TET-01,done,High,"As an HR admin, I want to view the timesheet management email templates list, so that I can manage timesheet related emails","notifications/components/templates-tab.tsx: DataTable lists Timesheet templates (type/description cols), domain filter",
Configuration/Templates,Email Templates,TET-02,done,High,"As an HR admin, I want to open and view a specific timesheet email template such as Short Time Email, so that I can review its content",notifications/components/templates-tab.tsx: View button opens template content dialog with rendered subject/body,
Configuration/Templates,Email Templates,TET-03,done,Medium,"As an HR admin, I want to refresh the timesheet email templates list, so that I see the latest configuration",notifications/components/templates-tab.tsx: Refresh icon button reloads list with toast,
Configuration/Templates,Email Templates,TET-04,done,Medium,"As an HR admin, I want to switch to the Notification Templates view for timesheets, so that I can manage notifications alongside emails",notifications/components/templates-tab.tsx: Email/Notification Templates channel tabs (NTF-27),
Configuration/Templates,Email Templates,TRE-01,done,High,"As an HR admin, I want to view the training email templates list, so that I can manage learning, reimbursement and sponsorship emails","notifications/components/templates-tab.tsx: DataTable lists Training templates (type/description cols), domain filter",
Configuration/Templates,Email Templates,TRE-02,done,High,"As an HR admin, I want to open and view a specific training email template such as Training Management Enrollment Email, so that I can review its content",notifications/components/templates-tab.tsx: View button opens template content dialog with rendered subject/body,
Configuration/Templates,Email Templates,TRE-03,done,Medium,"As an HR admin, I want to refresh the training email templates list, so that I see the latest configuration",notifications/components/templates-tab.tsx: Refresh icon button reloads list with toast,
Configuration/Templates,Email Templates,TRE-04,done,Medium,"As an HR admin, I want to switch to the Notification Templates view for training, so that I can manage notifications alongside emails",notifications/components/templates-tab.tsx: Email/Notification Templates channel tabs (NTF-27),
Configuration/Templates,Email Templates,TVE-01,done,High,"As a Travel admin, I want to view the travel management email templates list, so that I can manage travel and expense related emails","notifications/components/templates-tab.tsx: DataTable lists Travel templates (type/description cols), domain filter",
Configuration/Templates,Email Templates,TVE-02,done,High,"As a Travel admin, I want to open and view a specific travel email template such as Travel Management Actual Expense Email, so that I can review its content",notifications/components/templates-tab.tsx: View button opens template content dialog with rendered subject/body,
Configuration/Templates,Email Templates,TVE-03,done,Medium,"As a Travel admin, I want to refresh the travel email templates list, so that I see the latest configuration",notifications/components/templates-tab.tsx: Refresh icon button reloads list with toast,
Configuration/Templates,Email Templates,TVE-04,done,Medium,"As a Travel admin, I want to switch to the Notification Templates view for travel, so that I can manage notifications alongside emails",notifications/components/templates-tab.tsx: Email/Notification Templates channel tabs (NTF-27),
Configuration/Templates,Notification Templates,ANT-01,done,High,"As an HR admin, I want to view the asset notification templates list, so that I can see which asset in-app notifications are configured","notifications/components/templates-tab.tsx: DataTable lists Asset templates (type/description cols), domain filter",
Configuration/Templates,Notification Templates,ANT-02,done,High,"As an HR admin, I want to open and view a specific asset notification template such as Asset Assignment Notification, so that I can review its content",notifications/components/templates-tab.tsx: View button opens template content dialog with rendered subject/body,
Configuration/Templates,Notification Templates,ANT-03,done,Medium,"As an HR admin, I want to refresh the asset notification templates list, so that I see the latest configuration",notifications/components/templates-tab.tsx: Refresh icon button reloads list with toast,
Configuration/Templates,Notification Templates,ANT-04,done,Medium,"As an HR admin, I want to switch to the Email Templates view for assets, so that I can manage both channels",notifications/components/templates-tab.tsx: Email/Notification Templates channel tabs (NTF-27),
Configuration/Templates,Notification Templates,FNT-01,done,High,"As an HR admin, I want to view the feedback and grievance notification template list, so that I can confirm the notification is configured","notifications/components/templates-tab.tsx: DataTable lists Feedback & Grievance templates (type/description cols), domain filter",
Configuration/Templates,Notification Templates,FNT-02,done,High,"As an HR admin, I want to open and view the Feedback / Grievance notification template, so that I can review its content",notifications/components/templates-tab.tsx: View button opens template content dialog with rendered subject/body,
Configuration/Templates,Notification Templates,FNT-03,done,Medium,"As an HR admin, I want to refresh the feedback notification templates list, so that I always see current data",notifications/components/templates-tab.tsx: Refresh icon button reloads list with toast,
Configuration/Templates,Notification Templates,FNT-04,done,Medium,"As an HR admin, I want to switch to the Email Templates view for feedback, so that I can manage the email channel as well",notifications/components/templates-tab.tsx: Email/Notification Templates channel tabs (NTF-27),
Configuration/Templates,Notification Templates,NT-01,done,High,"As an HR admin, I want to view the recruitment and onboarding notification templates list, so that I can manage candidate and joining notifications","notifications/components/templates-tab.tsx: DataTable lists Recruitment & Onboarding templates (type/description cols), domain filter",
Configuration/Templates,Notification Templates,NT-02,done,High,"As a Recruiter, I want to open and view a specific notification template such as Offer Approval Notification, so that I can review its content",notifications/components/templates-tab.tsx: View button opens template content dialog with rendered subject/body,
Configuration/Templates,Notification Templates,NT-03,partial,Medium,"As an HR admin, I want to page through the notification templates list, so that I can access all 14 templates across pages","notifications/components/templates-tab.tsx: DataTable renders full list, Recruitment & Onboarding domain filter",No pagination/Next control; components/common/data-table has no pager
Configuration/Templates,Notification Templates,NT-04,done,Medium,"As an HR admin, I want to refresh the notification templates list, so that I see the latest configuration",notifications/components/templates-tab.tsx: Refresh icon button reloads list with toast,
Configuration/Templates,Notification Templates,NT-05,done,Medium,"As an HR admin, I want to switch to the Email Templates view, so that I can manage the email channel alongside notifications",notifications/components/templates-tab.tsx: Email/Notification Templates channel tabs (NTF-27),
Configuration/Templates,Notification Templates,PNT-01,done,High,"As an HR admin, I want to view the performance management notification templates list, so that I can manage all performance review notifications","notifications/components/templates-tab.tsx: DataTable lists Performance templates (type/description cols), domain filter",
Configuration/Templates,Notification Templates,PNT-02,done,High,"As an HR admin, I want to open and view a specific performance notification template such as Goal KRA Ratings Notification, so that I can review its content",notifications/components/templates-tab.tsx: View button opens template content dialog with rendered subject/body,
Configuration/Templates,Notification Templates,PNT-03,partial,Medium,"As an HR admin, I want to page through the performance notification templates list, so that I can access all 14 templates across pages","notifications/components/templates-tab.tsx: DataTable renders full list, Performance domain filter",No pagination/Next control; components/common/data-table has no pager
Configuration/Templates,Notification Templates,PNT-04,done,Medium,"As an HR admin, I want to refresh the performance notification templates list, so that I see the latest configuration",notifications/components/templates-tab.tsx: Refresh icon button reloads list with toast,
Configuration/Templates,Notification Templates,PNT-05,done,Medium,"As an HR admin, I want to switch to the Email Templates view for performance management, so that I can manage emails alongside notifications",notifications/components/templates-tab.tsx: Email/Notification Templates channel tabs (NTF-27),
Configuration/Templates,Notification Templates,RNT-01,done,High,"As a Project admin, I want to view the resource management notification templates list, so that I can manage project and resource notifications","notifications/components/templates-tab.tsx: DataTable lists Resource Management templates (type/description cols), domain filter",
Configuration/Templates,Notification Templates,RNT-02,done,High,"As a Project admin, I want to open and view a specific resource notification template such as Project is closed, so that I can review its content",notifications/components/templates-tab.tsx: View button opens template content dialog with rendered subject/body,
Configuration/Templates,Notification Templates,RNT-03,done,Medium,"As a Project admin, I want to refresh the resource notification templates list, so that I see the latest configuration",notifications/components/templates-tab.tsx: Refresh icon button reloads list with toast,
Configuration/Templates,Notification Templates,RNT-04,done,Medium,"As a Project admin, I want to switch to the Email Templates view for resource management, so that I can manage emails alongside notifications",notifications/components/templates-tab.tsx: Email/Notification Templates channel tabs (NTF-27),
Configuration/Templates,Notification Templates,SNT-01,done,High,"As an HR admin, I want to view the survey notification template list, so that I can confirm the survey notification is configured","notifications/components/templates-tab.tsx: DataTable lists Survey templates (type/description cols), domain filter",
Configuration/Templates,Notification Templates,SNT-02,done,High,"As an HR admin, I want to open and view the Survey Notification template, so that I can review its content",notifications/components/templates-tab.tsx: View button opens template content dialog with rendered subject/body,
Configuration/Templates,Notification Templates,SNT-03,done,Medium,"As an HR admin, I want to refresh the survey notification templates list, so that I always see current data",notifications/components/templates-tab.tsx: Refresh icon button reloads list with toast,
Configuration/Templates,Notification Templates,SNT-04,done,Medium,"As an HR admin, I want to switch to the Email Templates view for surveys, so that I can manage the email channel as well",notifications/components/templates-tab.tsx: Email/Notification Templates channel tabs (NTF-27),
Configuration/Templates,Notification Templates,TNT-01,done,High,"As an HR admin, I want to view the timesheet management notification templates list, so that I can manage timesheet notifications","notifications/components/templates-tab.tsx: DataTable lists Timesheet templates (type/description cols), domain filter",
Configuration/Templates,Notification Templates,TNT-02,done,High,"As an HR admin, I want to open and view a specific timesheet notification template such as TimeSheet Management Job Notification, so that I can review its content",notifications/components/templates-tab.tsx: View button opens template content dialog with rendered subject/body,
Configuration/Templates,Notification Templates,TNT-03,done,Medium,"As an HR admin, I want to refresh the timesheet notification templates list, so that I see the latest configuration",notifications/components/templates-tab.tsx: Refresh icon button reloads list with toast,
Configuration/Templates,Notification Templates,TNT-04,done,Medium,"As an HR admin, I want to switch to the Email Templates view for timesheets, so that I can manage emails alongside notifications",notifications/components/templates-tab.tsx: Email/Notification Templates channel tabs (NTF-27),
Configuration/Templates,Notification Templates,TRN-01,done,High,"As an HR admin, I want to view the training notification templates list, so that I can manage learning, reimbursement and sponsorship notifications","notifications/components/templates-tab.tsx: DataTable lists Training templates (type/description cols), domain filter",
Configuration/Templates,Notification Templates,TRN-02,done,High,"As an HR admin, I want to open and view a specific training notification template such as Training Management Enrollment Notification, so that I can review its content",notifications/components/templates-tab.tsx: View button opens template content dialog with rendered subject/body,
Configuration/Templates,Notification Templates,TRN-03,done,Medium,"As an HR admin, I want to refresh the training notification templates list, so that I see the latest configuration",notifications/components/templates-tab.tsx: Refresh icon button reloads list with toast,
Configuration/Templates,Notification Templates,TRN-04,done,Medium,"As an HR admin, I want to switch to the Email Templates view for training, so that I can manage emails alongside notifications",notifications/components/templates-tab.tsx: Email/Notification Templates channel tabs (NTF-27),
Configuration/Templates,Notification Templates,TVN-01,done,High,"As a Travel admin, I want to view the travel management notification templates list, so that I can manage travel and expense notifications","notifications/components/templates-tab.tsx: DataTable lists Travel templates (type/description cols), domain filter",
Configuration/Templates,Notification Templates,TVN-02,done,High,"As a Travel admin, I want to open and view a specific travel notification template such as Travel Management Actual Expense Notification, so that I can review its content",notifications/components/templates-tab.tsx: View button opens template content dialog with rendered subject/body,
Configuration/Templates,Notification Templates,TVN-03,done,Medium,"As a Travel admin, I want to refresh the travel notification templates list, so that I see the latest configuration",notifications/components/templates-tab.tsx: Refresh icon button reloads list with toast,
Configuration/Templates,Notification Templates,TVN-04,done,Medium,"As a Travel admin, I want to switch to the Email Templates view for travel, so that I can manage emails alongside notifications",notifications/components/templates-tab.tsx: Email/Notification Templates channel tabs (NTF-27),
Configuration/Time Management,Setup,TM-01,partial,High,"As an HR admin, I want to enable or disable the timesheet module, so that I control whether timesheet functionality is available in the organization",kensium-artifacts.ts kx-153 'Setup' (enable timesheet module) — placeholder setting only,No timesheet module enable/disable toggle UI in attendance or workflows
Configuration/Time Management,Setup,TM-02,partial,High,"As an HR admin, I want to save my timesheet module configuration, so that my selection is persisted",kensium-artifacts.ts kx-153 artifact only,No Save action/persistence UI for timesheet module setup
Configuration/Time Management,Setup,TM-03,partial,Medium,"As an HR admin, I want to save and proceed to the next configuration step, so that I can continue the setup flow efficiently",kensium-artifacts.ts kx-153 artifact only,No Save & Next stepper flow for Time Management setup
Configuration/Time Management,Setup,TM-04,partial,Low,"As an HR admin, I want to cancel the setup without saving, so that I can discard unwanted changes",kensium-artifacts.ts kx-153 artifact only,No Cancel/discard flow for setup screen
Configuration/Time Management,Short Time Settings,STS-01,partial,High,"As an HR admin, I want to add a short time entry, so that I can define how short time is recorded for an employee class",kensium-artifacts.ts kx-154 'Short Time Settings' — placeholder setting only,No Add short time form/UI
Configuration/Time Management,Short Time Settings,STS-02,partial,High,"As an HR admin, I want to view configured short time settings with their employee class, location, client, project, task, type of work, non productive reason and activity, so that ",kensium-artifacts.ts kx-154 artifact only,No list showing employee class/location/client/project/task/type of work columns
Configuration/Time Management,Short Time Settings,STS-03,partial,High,"As an HR admin, I want to edit an existing short time setting, so that I can keep the configuration accurate",kensium-artifacts.ts kx-154 artifact only,No edit-row capability for short time settings
Configuration/Time Management,Short Time Settings,STS-04,partial,Low,"As an HR admin, I want to refresh the short time settings list, so that I see the latest data",kensium-artifacts.ts kx-154 artifact only,No refresh control for short time list
Configuration/Time Management,Short Time Settings,STS-05,partial,Medium,"As an HR admin, I want to navigate to related Type Of Work Settings and Email Templates tabs, so that I can manage related configuration from one place",kensium-artifacts.ts kx-154 artifact only,No tab navigation to Type Of Work Settings / Email Templates
Configuration/Time Management,Short Time Settings,STS-06,partial,Low,"As an HR admin, I want to proceed to the next step or cancel, so that I can control the configuration workflow",kensium-artifacts.ts kx-154 artifact only,No Next/Cancel workflow controls
Configuration/Time Management,Timesheet settings,TSS-01,partial,High,"As an HR admin, I want to set the day from which an employee timesheet should be visible and the number of previous weekends shown by default, so that timesheets display the correc",kensium-artifacts.ts kx-155 'Timesheet Settings' — placeholder setting only,No start day / previous weekends period settings UI
Configuration/Time Management,Timesheet settings,TSS-02,partial,High,"As an HR admin, I want to require timesheet approval and set the number of days allowed for submission after the week period, so that submissions follow policy",kensium-artifacts.ts kx-155 artifact only,No approval-required toggle or submission-days setting UI
Configuration/Time Management,Timesheet settings,TSS-03,partial,Medium,"As an HR admin, I want to define the minimum number of timesheet hours per day, so that employees log sufficient time",kensium-artifacts.ts kx-155 artifact only,No minimum hours-per-day setting UI
Configuration/Time Management,Timesheet settings,TSS-04,partial,Medium,"As an HR admin, I want to configure submission reminders including days before week end and CC to the reporting manager, so that employees are prompted to submit on time",kensium-artifacts.ts kx-155 artifact only,No submission reminder / CC manager configuration UI
Configuration/Time Management,Timesheet settings,TSS-05,partial,Medium,"As an HR admin, I want to configure approval reminders and escalation emails to the coordinator, so that pending approvals are followed up",kensium-artifacts.ts kx-155 artifact only,No approval reminder / escalation email configuration UI
Configuration/Time Management,Timesheet settings,TSS-06,partial,Low,"As an HR admin, I want to enable leave penalty rules with pending hours and penalty hours for approving managers, so that non-compliance is penalized",kensium-artifacts.ts kx-155 artifact only,No leave penalty rules (pending/penalty hours) UI
Configuration/Time Management,Timesheet settings,TSS-07,partial,Medium,"As an HR admin, I want to select the utilization type, so that timesheet reporting uses the correct utilization basis",kensium-artifacts.ts kx-155 artifact only,No utilization type selector UI
Configuration/Time Management,Timesheet settings,TSS-08,partial,High,"As an HR admin, I want to save my timesheet settings and navigate to related Setup and Timesheet Approvers tabs, so that all timesheet configuration is applied",kensium-artifacts.ts kx-155 artifact only,No Save action or Setup/Timesheet Approvers tab navigation UI
Configuration/Time Management,Type Of Work Settings,TOW-01,partial,High,"As an HR admin, I want to add a type of work, so that employees can classify their timesheet entries against defined work types",kensium-artifacts.ts kx-156 'Type Of Work Settings' — placeholder setting only,No Add type of work form/UI
Configuration/Time Management,Type Of Work Settings,TOW-02,partial,High,"As an HR admin, I want to view types of work with their non productive, non productive reason, non billable and invoice status/type attributes, so that I can review how each is cla",kensium-artifacts.ts kx-156 artifact only,No list with non-productive/non-billable/invoice attributes
Configuration/Time Management,Type Of Work Settings,TOW-03,partial,High,"As an HR admin, I want to edit an existing type of work, so that I can keep classifications accurate",kensium-artifacts.ts kx-156 artifact only,No edit-row capability for types of work
Configuration/Time Management,Type Of Work Settings,TOW-04,partial,Low,"As an HR admin, I want to page through and refresh the list of types of work, so that I can browse all entries across multiple pages",kensium-artifacts.ts kx-156 artifact only,No pagination/refresh controls
Configuration/Time Management,Type Of Work Settings,TOW-05,partial,Medium,"As an HR admin, I want to navigate to the Timesheet Approvers and Short Time Settings tabs, so that I can manage related configuration in context",kensium-artifacts.ts kx-156 artifact only,No tab navigation to Timesheet Approvers / Short Time Settings
Configuration/Time Management,Type Of Work Settings,TOW-06,partial,Low,"As an HR admin, I want to proceed to the next step or cancel, so that I can control the configuration workflow",kensium-artifacts.ts kx-156 artifact only,No Next/Cancel workflow controls
Configuration/Time Off - Leave,Email Templates,ETMPL-01,done,High,"As an HR admin, I want to view the list of leave email templates showing template type ID, email type, and description, so that I can review which email notifications are configure","config-general.tsx template editor (LVE-48): event select, Email channel, subject/body",
Configuration/Time Off - Leave,Email Templates,ETMPL-02,done,High,"As an HR admin, I want to view an individual email template using the View task action, so that I can inspect its content before it is sent.",config-general.tsx loadTemplate shows individual template content,
Configuration/Time Off - Leave,Email Templates,ETMPL-03,partial,Medium,"As an HR admin, I want to refresh the email templates list, so that I always see the current set of configured templates.",editor in config-general.tsx; artifact kensium-artifacts.ts:4621,no list-with-refresh view of templates
Configuration/Time Off - Leave,Email Templates,ETMPL-04,partial,Low,"As an HR admin, I want to page through the email templates list, so that I can navigate large numbers of templates.",editor in config-general.tsx,no paged template list
Configuration/Time Off - Leave,FMLA Approvers,FMAPP-01,done,High,"As an HR admin, I want to add new FMLA approver(s), so that FMLA requests are routed to the correct people for approval.",config-approvers.tsx MappingKind 'fmla' add locations+approvers (LVE-37),
Configuration/Time Off - Leave,FMLA Approvers,FMAPP-02,done,High,"As an HR admin, I want to view FMLA approvers by location and approver, so that I can verify approval routing per location.",config-approvers.tsx FMLA mapping table Locations/Approvers,
Configuration/Time Off - Leave,FMLA Approvers,FMAPP-03,done,Medium,"As an HR admin, I want to see a clear empty state when no FMLA approvers exist, so that I know configuration is required.",config-approvers.tsx empty state 'No approvers configured...' message,
Configuration/Time Off - Leave,FMLA Approvers,FMAPP-04,partial,Low,"As an HR admin, I want to page through and navigate back from the FMLA Approvers list, so that I can manage many approver mappings.",list in config-approvers.tsx; artifact in kensium-artifacts.ts,no Next/Back pagination
Configuration/Time Off - Leave,FMLA Qualifying Reasons,FMQR-01,done,High,"As an HR admin, I want to add a new FMLA qualifying reason, so that employees can select valid reasons when requesting FMLA leave.","config-approvers.tsx addFmlaReason with fmlaType+reason, kind qualifying (LVE-38)",
Configuration/Time Off - Leave,FMLA Qualifying Reasons,FMQR-02,done,High,"As an HR admin, I want to view qualifying reasons by FMLA type and reason, so that I can review the configured FMLA reasons.",config-approvers.tsx lists reasons by FMLA type and reason,
Configuration/Time Off - Leave,FMLA Qualifying Reasons,FMQR-03,partial,Medium,"As an HR admin, I want to refresh the qualifying reasons list, so that I see the latest entries after changes.",reasons list in config-approvers.tsx; artifact in kensium-artifacts.ts,no refresh control
Configuration/Time Off - Leave,FMLA Qualifying Reasons,FMQR-04,partial,Low,"As an HR admin, I want to see an empty state when no qualifying reasons exist, so that I know to configure them.",reasons list in config-approvers.tsx,no explicit 'No records to display' empty state for reasons
Configuration/Time Off - Leave,FMLA Rejection Reasons,FMRR-01,done,High,"As an HR admin, I want to add a new FMLA rejection reason, so that approvers can select a standard reason when rejecting FMLA requests.",config-approvers.tsx addFmlaReason with kind rejection (LVE-39),
Configuration/Time Off - Leave,FMLA Rejection Reasons,FMRR-02,done,High,"As an HR admin, I want to view rejection reasons by FMLA type and reason, so that I can review the configured rejection reasons.",config-approvers.tsx lists rejection reasons by FMLA type/reason,
Configuration/Time Off - Leave,FMLA Rejection Reasons,FMRR-03,partial,Medium,"As an HR admin, I want to refresh the rejection reasons list, so that I see the latest entries.",reasons list in config-approvers.tsx; artifact in kensium-artifacts.ts,no refresh control
Configuration/Time Off - Leave,FMLA Rejection Reasons,FMRR-04,partial,Low,"As an HR admin, I want to see an empty state when no rejection reasons exist, so that I know to configure them.",reasons list in config-approvers.tsx,no explicit 'No records to display' empty state for reasons
Configuration/Time Off - Leave,Holiday Calendar,HOLCAL-01,done,High,"As an HR admin, I want to add a new holiday calendar, so that I can define holidays for a location and year.","config-holidays.tsx add calendar with name, locations, year",
Configuration/Time Off - Leave,Holiday Calendar,HOLCAL-02,done,High,"As an HR admin, I want to view the holiday calendar list with name, location(s), year, status, and applicability, so that I can review all configured calendars.","config-holidays.tsx table with name, locations, year, publish status",
Configuration/Time Off - Leave,Holiday Calendar,HOLCAL-03,partial,Medium,"As an HR admin, I want to view the details of a holiday calendar, so that I can confirm the holidays it contains.",calendar list in config-holidays.tsx; holidays-tab.tsx shows holidays,no per-calendar View action opening holiday details
Configuration/Time Off - Leave,Holiday Calendar,HOLCAL-04,partial,High,"As an HR admin, I want to edit an existing holiday calendar, so that I can update holidays or its published status.",config-holidays.tsx publish toggle (LVE-40) only,no edit of an existing calendar's holidays/details
Configuration/Time Off - Leave,Holiday Calendar,HOLCAL-05,partial,Low,"As an HR admin, I want to page through and refresh the holiday calendar list, so that I can navigate all 66 calendars and see current data.",list exists in config-holidays.tsx; artifact in kensium-artifacts.ts,no paging/refresh controls
Configuration/Time Off - Leave,Notification Templates,NTMPL-01,done,High,"As an HR admin, I want to view the list of leave notification templates showing notification type and description, so that I can review the configured in-app notifications.",config-general.tsx In-app channel templates per event (LVE-48),
Configuration/Time Off - Leave,Notification Templates,NTMPL-02,done,High,"As an HR admin, I want to view an individual notification template using the View task action, so that I can inspect the notification content.",config-general.tsx loadTemplate displays in-app template content,
Configuration/Time Off - Leave,Notification Templates,NTMPL-03,partial,Medium,"As an HR admin, I want to refresh the notification templates list, so that I always see the current set of templates.",editor in config-general.tsx; artifact kensium-artifacts.ts:4770,no list-with-refresh view of notification templates
Configuration/Time Off - Leave,Paid Time Off,PTO-01,done,High,"As an HR admin, I want to add a new paid time off type, so that employees can request that category of paid leave.","config-types.tsx add form: type, allotted count, tracking unit, paid category",
Configuration/Time Off - Leave,Paid Time Off,PTO-02,done,High,"As an HR admin, I want to view paid time off types with their number of time offs, tracking unit, FMLA flag, and applicability, so that I can review the leave catalog.","config-types.tsx table cols: Paid/Unpaid, count, FMLA badge, applicability",
Configuration/Time Off - Leave,Paid Time Off,PTO-03,done,High,"As an HR admin, I want to edit an existing paid time off type, so that I can update its allowance or applicability.",config-types.tsx edit dialog + updateLeaveType,
Configuration/Time Off - Leave,Paid Time Off,PTO-04,done,Medium,"As an HR admin, I want to view the details of a paid time off type, so that I can confirm its configuration and excluded position levels.",config-types.tsx detail/edit shows excludedLevels (excluded position levels),
Configuration/Time Off - Leave,Paid Time Off,PTO-05,done,Medium,"As an HR admin, I want to organize leave types, so that I can control the order in which time off types appear.",config-types.tsx Organize dialog for display ordering (LVE-36),
Configuration/Time Off - Leave,Paid Time Off,PTO-06,partial,Low,"As an HR admin, I want to page through and refresh the paid time off list, so that I can navigate all 20 types and see current data.",list exists in config-types.tsx; artifact in kensium-artifacts.ts,no paging/refresh controls on leave-type list
Configuration/Time Off - Leave,Setup,SETUP-01,done,High,"As a System admin, I want to enable or disable the time off management module using a Yes/No option, so that leave functionality is available only when the organization needs it.",leave/components/config-general.tsx yes/no radio for module enable (LVE-47),
Configuration/Time Off - Leave,Setup,SETUP-02,done,High,"As a System admin, I want to save the time off management setup, so that my enablement choice is persisted.",config-general.tsx save persists via use-leave-settings setModuleEnabled,
Configuration/Time Off - Leave,Setup,SETUP-03,done,Medium,"As a System admin, I want to save and continue to the next configuration step, so that I can proceed through the time off setup flow efficiently.",config-general.tsx has Save & Next advancing config step,
Configuration/Time Off - Leave,Time Off Adjustment Approvers,TOAA-01,done,High,"As an HR admin, I want to add a new time off adjustment approver, so that leave balance adjustments are routed to the correct approver by location.",config-approvers.tsx MappingKind 'adjustment' section (LVE-42),
Configuration/Time Off - Leave,Time Off Adjustment Approvers,TOAA-02,done,High,"As an HR admin, I want to view adjustment approvers by location and approver, so that I can verify routing for balance adjustments.",config-approvers.tsx adjustment mappings table Locations/Approvers,
Configuration/Time Off - Leave,Time Off Adjustment Approvers,TOAA-03,partial,High,"As an HR admin, I want to edit an existing adjustment approver mapping, so that I can update the approver or covered locations.",add/list in config-approvers.tsx,no Edit action on existing adjustment mappings
Configuration/Time Off - Leave,Time Off Adjustment Approvers,TOAA-04,partial,Low,"As an HR admin, I want to page through the adjustment approvers list, so that I can navigate all configured mappings.",list in config-approvers.tsx; artifact in kensium-artifacts.ts,no pagination
Configuration/Time Off - Leave,Time Off Approvers,TOAP-01,done,High,"As an HR admin, I want to add a new time off approver, so that leave requests are routed to the correct approver by location.","config-approvers.tsx add mapping: locations, approvers, LOP approvers",
Configuration/Time Off - Leave,Time Off Approvers,TOAP-02,done,High,"As an HR admin, I want to view time off approvers by location, approver, and loss of pay approver, so that I can verify approval routing.",config-approvers.tsx table cols Locations/Approvers/Loss-of-pay approver,
Configuration/Time Off - Leave,Time Off Approvers,TOAP-03,done,Medium,"As an HR admin, I want to configure a separate loss of pay approver, so that unpaid leave requests are approved by the right role.",config-approvers.tsx distinct Loss-of-pay approver(s) field (LVE-41),
Configuration/Time Off - Leave,Time Off Approvers,TOAP-04,partial,High,"As an HR admin, I want to edit an existing time off approver mapping, so that I can update approvers or covered locations.",mappings add/list in config-approvers.tsx,no Edit action on existing approver mappings
Configuration/Time Off - Leave,Time Off Approvers,TOAP-05,partial,Low,"As an HR admin, I want to page through the time off approvers list, so that I can navigate all configured mappings.",list in config-approvers.tsx; artifact in kensium-artifacts.ts,no pagination
Configuration/Time Off - Leave,Time Off Management,TOM-01,done,High,"As an HR admin, I want to view time off management settings per employee class showing the calculation start month, so that I can review how leave accrual is configured for each cl",config-general.tsx Employee Classes table with 'Calculations start from' column,
Configuration/Time Off - Leave,Time Off Management,TOM-02,done,High,"As an HR admin, I want to edit the time off settings for an employee class, so that I can set the calculation start month and other accrual rules.",config-general.tsx inline edit updateClassRule(calcStartMonth),
Configuration/Time Off - Leave,Time Off Management,TOM-03,done,Medium,"As an HR admin, I want to set the maximum number of time off(s) that can be approved by an immediate supervisor, so that approval authority is limited appropriately.",config-general.tsx 'Max supervisor approval (days)' input per class,
Configuration/Time Off - Leave,Time Off Management,TOM-04,partial,Low,"As an HR admin, I want to refresh the time off management list, so that I see the latest settings per employee class.",screen exists in config-general.tsx; artifact in kensium-artifacts.ts,no refresh control on the employee-class list
Configuration/Time Off - Leave,Unpaid Time Off,UPTO-01,done,High,"As an HR admin, I want to add a new unpaid time off type, so that employees can request unpaid leave categories such as maternity or sabbatical.",config-types.tsx category select paid|unpaid; add unpaid types,
Configuration/Time Off - Leave,Unpaid Time Off,UPTO-02,done,High,"As an HR admin, I want to view unpaid time off types with number of time offs, tracking unit, FMLA flag, and applicability, so that I can review the unpaid leave catalog.","config-types.tsx unified catalog shows unit, FMLA flag, applicability",
Configuration/Time Off - Leave,Unpaid Time Off,UPTO-03,done,High,"As an HR admin, I want to edit an existing unpaid time off type, so that I can update its allowance or applicability.",config-types.tsx edit dialog updateLeaveType works for unpaid rows,
Configuration/Time Off - Leave,Unpaid Time Off,UPTO-04,done,Medium,"As an HR admin, I want to view the details of an unpaid time off type, so that I can confirm its configuration.",config-types.tsx row detail dialog shows full configuration,
Configuration/Time Off - Leave,Unpaid Time Off,UPTO-05,partial,Low,"As an HR admin, I want to refresh the unpaid time off list, so that I see the latest configured types.",list in config-types.tsx; artifact in kensium-artifacts.ts,no refresh control
Configuration/Travel Management,Expense Head,EH-01,partial,High,"As an HR admin, I want to add a new expense head, so that travel expenses can be categorized consistently.",kensium-artifacts.ts 'Expense Head' artifact (placeholder def),No Expense Head admin screen; add form missing
Configuration/Travel Management,Expense Head,EH-02,partial,Medium,"As an HR admin, I want to view expense heads with their description and document, so that I can review the configured expense categories.",kensium-artifacts.ts Expense Head artifact (placeholder def),No list with Expense head/Description/Document columns
Configuration/Travel Management,Expense Head,EH-03,partial,Low,"As an HR admin, I want to refresh the expense head list, so that I always see the latest saved records.",kensium-artifacts.ts Expense Head artifact (placeholder def),No Refresh action / list UI
Configuration/Travel Management,Expense Head,EH-04,partial,Medium,"As an HR admin, I want to attach a supporting document to an expense head, so that expense categories are backed by reference material.",kensium-artifacts.ts Expense Head artifact (placeholder def),No document upload on expense heads
Configuration/Travel Management,Expense Head,EH-05,partial,Low,"As an HR admin, I want to proceed to the next configuration step or cancel, so that I can control the travel setup workflow.",kensium-artifacts.ts Expense Head artifact (placeholder def),No Next/Cancel wizard controls
Configuration/Travel Management,Setup,SET-01,partial,High,"As a System admin, I want to enable or disable the travel management module, so that travel features are only available when the organization needs them.",kensium-artifacts.ts 'Setup — enable travel management module' artifact (placeholder def),No Setup UI in POC; Yes/No enable toggle not implemented
Configuration/Travel Management,Setup,SET-02,partial,High,"As a System admin, I want to save my travel management setup selection, so that the configuration persists.",kensium-artifacts.ts Setup artifact (placeholder def),No Save action; setup selection not persisted anywhere in UI
Configuration/Travel Management,Setup,SET-03,partial,Medium,"As a System admin, I want to save and proceed to the next step, so that I can continue configuring travel management in sequence.",kensium-artifacts.ts Setup artifact (placeholder def),No Save & Next wizard flow for travel setup
Configuration/Travel Management,Setup,SET-04,partial,Low,"As a System admin, I want to cancel the setup, so that I can exit without applying changes.",kensium-artifacts.ts Setup artifact (placeholder def),No Cancel action / setup screen
Configuration/Travel Management,Travel Modes,TM-01,partial,High,"As an HR admin, I want to add a new travel mode, so that employees can select approved modes of travel.",kensium-artifacts.ts 'Travel Modes' artifact key travel-modes (placeholder def),No Travel Modes admin screen; add form missing
Configuration/Travel Management,Travel Modes,TM-02,partial,Medium,"As an HR admin, I want to associate travel vendors with a travel mode, so that the correct vendors are offered for each mode.",kensium-artifacts.ts Travel Modes artifact (placeholder def),No vendor association UI per mode
Configuration/Travel Management,Travel Modes,TM-03,partial,Medium,"As an HR admin, I want to define preferred distance and travel time ranges for each mode, so that appropriate travel modes are suggested based on the trip.",kensium-artifacts.ts Travel Modes artifact (placeholder def),No preferred distance/time range configuration
Configuration/Travel Management,Travel Modes,TM-04,partial,Medium,"As an HR admin, I want to edit an existing travel mode, so that I can keep vendor and range details current.",kensium-artifacts.ts Travel Modes artifact (placeholder def),No edit flow for travel modes
Configuration/Travel Management,Travel Modes,TM-05,partial,Low,"As an HR admin, I want to refresh the travel modes list, so that I see the most recent configuration.",kensium-artifacts.ts Travel Modes artifact (placeholder def),No list/Refresh UI
Configuration/Travel Management,Travel Request Approvers,TRA-01,partial,High,"As an HR admin, I want to add new travel request approvers, so that travel requests are routed to the correct approval authority.",kensium-artifacts.ts 'Travel Request Approvers' artifact (placeholder def),No approver config screen; add form missing
Configuration/Travel Management,Travel Request Approvers,TRA-02,partial,Medium,"As an HR admin, I want to filter approvers by Location, Department and Position, so that I can quickly find the relevant approver configuration.",kensium-artifacts.ts Travel Request Approvers artifact (placeholder def),No Location/Department/Position filters
Configuration/Travel Management,Travel Request Approvers,TRA-03,partial,Low,"As an HR admin, I want to reset the search filters, so that I can clear my selections and view all records.",kensium-artifacts.ts Travel Request Approvers artifact (placeholder def),No Reset filter action
Configuration/Travel Management,Travel Request Approvers,TRA-04,partial,Medium,"As an HR admin, I want to view and edit an approver's applicability and hierarchy, so that the approval routing stays accurate.",kensium-artifacts.ts Travel Request Approvers artifact (placeholder def),No View/Edit of approver applicability
Configuration/Travel Management,Travel Request Approvers,TRA-05,partial,Medium,"As an HR admin, I want to configure approvers using the reporting manager hierarchy, so that travel requests escalate through the correct management levels.",kensium-artifacts.ts Travel Request Approvers artifact (placeholder def),No reporting-manager-hierarchy routing config
Configuration/Travel Management,Travel Request Expense Approvers,TREA-01,partial,High,"As an HR admin, I want to add new travel request expense approvers, so that travel expense claims are routed for proper approval.",kensium-artifacts.ts 'Travel Request Expense Approvers' artifact (placeholder def),No expense approver config screen; add form missing
Configuration/Travel Management,Travel Request Expense Approvers,TREA-02,partial,Medium,"As an HR admin, I want to filter expense approvers by Location, Department and Position, so that I can locate the relevant configuration quickly.",kensium-artifacts.ts Travel Request Expense Approvers artifact (placeholder def),No Location/Department/Position filters
Configuration/Travel Management,Travel Request Expense Approvers,TREA-03,partial,Low,"As an HR admin, I want to reset the expense approver filters, so that I can clear selections and see all records.",kensium-artifacts.ts Travel Request Expense Approvers artifact (placeholder def),No Reset filter action
Configuration/Travel Management,Travel Request Expense Approvers,TREA-04,partial,Medium,"As an HR admin, I want to view and edit an expense approver's applicability, so that expense approval routing remains correct.",kensium-artifacts.ts Travel Request Expense Approvers artifact (placeholder def),No View/Edit of expense approver applicability
Configuration/Travel Management,Travel Request Expense Approvers,TREA-05,partial,Medium,"As an HR admin, I want to configure expense approvers using the reporting manager hierarchy, so that expense claims escalate through the correct management levels.",kensium-artifacts.ts Travel Request Expense Approvers artifact (placeholder def),No reporting-manager-hierarchy routing config
Configuration/Travel Management,Travel Vendors,TV-01,partial,High,"As an HR admin, I want to add a new travel vendor, so that approved vendors are available for booking travel.",kensium-artifacts.ts 'Travel Vendors' artifact key travel-vendors (placeholder def),No Travel Vendors admin screen; add form missing
Configuration/Travel Management,Travel Vendors,TV-02,partial,Medium,"As an HR admin, I want to record vendor contact details such as phone and email, so that travel coordinators can reach the vendor.",kensium-artifacts.ts Travel Vendors artifact (placeholder def),No phone/email contact fields UI
Configuration/Travel Management,Travel Vendors,TV-03,partial,Medium,"As an HR admin, I want to assign applicable locations to a vendor, so that the vendor is only offered where it operates.",kensium-artifacts.ts Travel Vendors artifact (placeholder def),No applicable-locations assignment UI
Configuration/Travel Management,Travel Vendors,TV-04,partial,Medium,"As an HR admin, I want to edit an existing travel vendor, so that vendor details stay accurate.",kensium-artifacts.ts Travel Vendors artifact (placeholder def),No edit flow for vendors
Configuration/Travel Management,Travel Vendors,TV-05,partial,Low,"As an HR admin, I want to refresh the travel vendors list, so that I see the latest vendor records.",kensium-artifacts.ts Travel Vendors artifact (placeholder def),No list/Refresh UI
Configuration/Vendor Management,Setup,VM-01,partial,High,"As an HR admin, I want to enable or disable Vendor Management by selecting Yes or No, so that the module is available only when the organization needs it","kensium-artifacts.ts kx-174 'Setup' setting (Vendor Management enable/disable), placeholder def",No enable/disable Yes-No toggle UI in recruitment module; artifact definition is a placeholder
Configuration/Vendor Management,Setup,VM-02,partial,High,"As an HR admin, I want to save my Vendor Management configuration, so that the enable/disable choice is persisted and applied",kensium-artifacts.ts kx-174 setting artifact only,No Save action/persistence UI for Vendor Management configuration
Configuration/Vendor Management,Setup,VM-03,partial,Medium,"As an HR admin, I want to cancel my changes on the Setup screen, so that I can discard an unsaved selection without affecting the current configuration",kensium-artifacts.ts kx-174 setting artifact only,No Cancel/discard-changes flow; no Setup screen UI exists
Configuration/Vendor Management,Setup,VM-04,partial,Low,"As an HR admin, I want to be prompted to configure Vendor Management when it is not yet set up, so that I know the module requires configuration before use",kensium-artifacts.ts kx-174 setting artifact only,No 'Please configure Vendor Management' guidance prompt; no Setup screen UI
Employee Management,Class Change Employees List,CCE-01,done,High,"As an HR admin, I want to filter class change requests by status, so that I can focus on items in a particular stage",employees/components/performance/requests-tabs.tsx ClassChangesTab status FilterSelect,
Employee Management,Class Change Employees List,CCE-02,partial,Medium,"As an HR admin, I want to search and reset the class change list, so that I can quickly find or clear results",ClassChangesTab has only a status filter,No search input or reset control on the class change list
Employee Management,Class Change Employees List,CCE-03,done,Medium,"As a Manager, I want to review original vs destination employee class and department and position changes, so that I can understand each proposed move",requests-tabs.tsx columns: class/dept/position original → destination,
Employee Management,Class Change Employees List,CCE-04,done,High,"As an approver, I want to act on class change requests pending with me via the Task column, so that I can approve or reject them",requests-tabs.tsx Open task dropdown: Approve/Reject/Cancel on Pending approval,
Employee Management,Class Change Employees List,CCE-05,done,Low,"As an HR admin, I want to track cancelled and rejected class changes, so that I can audit outcomes",CLASS_CHANGE_STATUSES filter + StatusBadge show Cancelled/Rejected rows,
Employee Management,Disciplinary Actions,DA-01,done,High,"As an HR admin, I want to add a disciplinary action, so that policy deviations are formally recorded",employees/components/performance/compliance-tabs.tsx Add disciplinary action dialog,
Employee Management,Disciplinary Actions,DA-02,partial,Medium,"As an HR admin, I want to filter disciplinary actions by active or inactive employees and by period, so that I can review the relevant records",DisciplinaryTab has status + department filters only,No active/inactive employee filter and no period (date range) filter
Employee Management,Disciplinary Actions,DA-03,done,Medium,"As an HR admin, I want to filter disciplinary actions by status and department, so that I can narrow the list to a workflow stage or team",compliance-tabs.tsx status + department FilterSelects,
Employee Management,Disciplinary Actions,DA-04,done,High,"As an approver, I want to approve, reject, or withdraw disciplinary actions pending with me, so that the process moves forward",compliance-tabs.tsx Open task: Approve/Reject/Withdraw on Pending approval,
Employee Management,Disciplinary Actions,DA-05,done,Medium,"As an HR admin, I want to generate a disciplinary letter, so that the recommended action is formally communicated",compliance-tabs.tsx Generate letter button on Approved rows,
Employee Management,Disciplinary Actions,DA-06,partial,Low,"As an HR admin, I want to search and reset the disciplinary actions list, so that I can quickly refine or clear my query",Only dropdown filters in DisciplinaryTab,No search box or reset action for the disciplinary list
Employee Management,Employee Acknowledgements,ACK-01,done,High,"As an Employee, I want to acknowledge documents pending my acknowledgement, so that I confirm I have read them",compliance-tabs.tsx AcknowledgementsTab Acknowledge button on Pending rows,
Employee Management,Employee Acknowledgements,ACK-02,done,High,"As an HR admin, I want to filter acknowledgements by status, so that I can track pending, acknowledged, and expired items",AcknowledgementsTab status filter (Pending/Acknowledged/Expired) + expiry note,
Employee Management,Employee Acknowledgements,ACK-03,done,Medium,"As an HR admin, I want to filter acknowledgements by acknowledgement type and department, so that I can review a specific document category or team",AcknowledgementsTab template type + department FilterSelects,
Employee Management,Employee Acknowledgements,ACK-04,partial,Medium,"As an HR admin, I want to filter by active or inactive employees and by period, so that I can scope acknowledgements to the right people and dates",Status/type/dept filters exist in compliance-tabs.tsx,No active/inactive employee filter and no period filter
Employee Management,Employee Acknowledgements,ACK-05,partial,Low,"As an HR admin, I want to search and reset acknowledgement results, so that I can refine or clear my query quickly",Dropdown filters only,No search input or reset control on acknowledgements
Employee Management,Employee Appreciation Details,EAD-01,done,High,"As a Manager, I want to view detailed appreciation records including category, feedback, and points, so that I can see how employees are being recognized","employees/components/performance/appreciations-tab.tsx table: category, feedback, points, date",
Employee Management,Employee Appreciation Details,EAD-02,partial,Medium,"As an HR admin, I want to filter appreciations by active or inactive status and by period, so that I can review current or historical recognition",appreciations-tab.tsx has department + employee filters,No active/inactive status filter and no period filter
Employee Management,Employee Appreciation Details,EAD-03,done,Medium,"As an HR admin, I want to filter appreciation details by department and employee name, so that I can focus on a specific team or person",appreciations-tab.tsx department + employee FilterSelects,
Employee Management,Employee Appreciation Details,EAD-04,partial,Low,"As an HR admin, I want to search and reset the appreciation details, so that I can refine or clear my query",Employee dropdown filter exists,No free-text search or reset control
Employee Management,Employee Appreciation Summary,EAS-01,done,High,"As a Manager, I want to view a summary of total appreciations per employee, so that I can gauge recognition at a glance",appreciations-tab.tsx Appreciation summary section with total points per employee,
Employee Management,Employee Appreciation Summary,EAS-02,partial,Medium,"As an HR admin, I want to filter the appreciation summary by period, so that I can review recognition over a chosen date range",Score-calculation start date in appreciation settings dialog,No period filter on the summary itself
Employee Management,Employee Appreciation Summary,EAS-03,partial,Medium,"As an HR admin, I want to filter the summary by department and employee name, so that I can focus on a specific team or person",Dept/employee filters exist on details table,Summary section is computed from all appreciations; filters do not scope it
Employee Management,Employee Master,EM-01,done,High,"As an HR admin, I want to add a new employee, so that they are registered in the system",employees/index.tsx New Employee button + EmployeeOverlay form,
Employee Management,Employee Master,EM-02,done,High,"As an HR admin, I want to view employees with their code, name, user name, class, department, and designation, so that I have a directory of the workforce","employees-table-columns.tsx: name+code, jurisdiction, position, manager, stage",
Employee Management,Employee Master,EM-03,done,Medium,"As an HR admin, I want to filter between active and inactive employees and Display the results, so that I can view the relevant workforce",employees/index.tsx Stage FilterSelect (LIFECYCLE_STAGES incl. Exited) scopes active vs exited,
Employee Management,Employee Master,EM-04,done,Medium,"As an HR admin, I want to search employees by name, so that I can quickly locate a specific person",DataTable enableColumnSearch + globalFilter (components/common/data-table/table.tsx),
Employee Management,Employee Master,EM-05,partial,Low,"As an HR admin, I want to page through the employee list, so that I can browse a large workforce in manageable chunks",DataTable renders full list; no getPaginationRowModel found,No pagination controls on the directory table
Employee Management,Employee Quadrant Rating,EQR-01,done,High,"As a Reporting manager, I want to assign a monthly quadrant rating to each of my employees, so that I can classify their skills and attitude",employees/components/performance/quadrant-tab.tsx Rate my reports with quadrant select per employee,
Employee Management,Employee Quadrant Rating,EQR-02,done,Medium,"As a Reporting manager, I want to add comments to a quadrant rating, so that I can explain the rating rationale",quadrant-tab.tsx comment Input saved with rating,
Employee Management,Employee Quadrant Rating,EQR-03,done,Medium,"As a Reporting manager, I want to view quadrant ratings across months for my employees, so that I can track performance trends over time",quadrant-tab.tsx Rating history by month table,
Employee Management,Employee Salary Revision,ESR-01,done,High,"As a Manager, I want to submit a salary revision for an employee, so that their compensation change can be reviewed and approved",requests-tabs.tsx SalaryRevisionsTab Complete & submit on Pending submission,
Employee Management,Employee Salary Revision,ESR-02,done,High,"As an approver, I want to approve a salary revision or request clarification, so that I can control compensation changes",requests-tabs.tsx Open task: Approve / Need clarification,
Employee Management,Employee Salary Revision,ESR-03,done,Medium,"As an HR admin, I want to filter salary revisions by status and department, so that I can track items in a workflow stage or team",SalaryRevisionsTab status + department FilterSelects,
Employee Management,Employee Salary Revision,ESR-04,partial,Medium,"As an HR admin, I want to filter revisions by active or inactive employees and by period, so that I can scope the list appropriately",Active/Inactive employees filter exists,No period (date range) filter
Employee Management,Employee Salary Revision,ESR-05,done,Medium,"As an HR admin, I want to see the revision period and revision due date for each employee, so that I can act on revisions on time",SalaryRevisionsTab columns: Revision period + Due date,
Employee Management,Employee Salary Revision,ESR-06,partial,Low,"As an HR admin, I want to search and reset the salary revision list, so that I can refine or clear my query",Dropdown filters only,No search input or reset control
Employee Management,Enable Exit,EE-01,partial,Medium,"As an HR admin, I want to filter exits by initiation period, so that I can review exits started within a date range",employees/components/lifecycle/exits-tab.tsx has status/dept/type filters,No initiation-period (date range) filter
Employee Management,Enable Exit,EE-02,done,Medium,"As an HR admin, I want to filter exits by department and exit type, so that I can focus on a specific team or category of exit",exits-tab.tsx Department + Exit type FilterSelects,
Employee Management,Enable Exit,EE-03,done,High,"As an HR admin, I want to filter exits by status, so that I can track them through resignation, approval, and FFS stages",exits-tab.tsx EXIT_STATUSES filter: resignation → approved → exited → FFS,
Employee Management,Enable Exit,EE-04,done,High,"As an approver, I want to act on exits pending with me via the Task column, so that I can move the exit process forward",exits-tab.tsx Open task dropdown: Approve/Reject/Withdraw/Revoke/FFS per status,
Employee Management,Enable Exit,EE-05,done,Medium,"As an HR admin, I want to see the exit initiation date and tentative last working day for each employee, so that I can plan the offboarding timeline",exits-tab.tsx Initiated + Tentative last day columns,
Employee Management,Exit Clearance List,ECL-01,done,High,"As a department stakeholder, I want to submit an exit clearance form, so that the employee's clearance can be recorded and approved",exit-support-tabs.tsx ExitClearanceTab Complete & submit per department clearance,
Employee Management,Exit Clearance List,ECL-02,done,High,"As an approver, I want to approve exit clearances pending with me, so that offboarding can be completed",exit-support-tabs.tsx Approve clearance action; closure blocked until all approved,
Employee Management,Exit Clearance List,ECL-03,partial,Medium,"As an HR admin, I want to filter clearances by initiation period, department, and exit type, so that I can locate the relevant clearances",ExitClearanceTab has status/dept/exit-type filters,No initiation-period (date range) filter
Employee Management,Exit Clearance List,ECL-04,done,Medium,"As an HR admin, I want to filter clearances by status, so that I can track their progress",ExitClearanceTab status FilterSelect + StatusBadge,
Employee Management,Exit Clearance List,ECL-05,partial,Low,"As an HR admin, I want to search and reset the clearance list, so that I can refine or clear my query",Dropdown filters only,No search input or reset control
Employee Management,Exit HR CheckList,EHC-01,done,High,"As an HR admin, I want to view the exit HR checklist for departing employees with their contact and class details, so that I can manage HR offboarding tasks","exit-support-tabs.tsx ExitHrChecklistTab columns: email, contact number, employee class",
Employee Management,Exit HR CheckList,EHC-02,done,High,"As an HR admin, I want to submit an employee's HR checklist via the Task column, so that their offboarding can progress",ExitHrChecklistTab Complete checklist & submit action (advanceHrChecklist),
Employee Management,Exit HR CheckList,EHC-03,partial,Low,"As an HR admin, I want to page through and refresh the exit HR checklist, so that I can review all pending employees with up to date data",Plain table renders all rows,No pagination or refresh control on the checklist list
Employee Management,Exit List,EXL-01,done,High,"As an HR admin, I want to filter the exit list by status, so that I can track exits through resignation, approval, exited, and FFS stages",exits-tab.tsx EXIT_STATUSES filter tracks exit stages,
Employee Management,Exit List,EXL-02,partial,Medium,"As an HR admin, I want to filter exits by initiation period, department, and exit type, so that I can locate specific exits",Department + exit type filters exist,No initiation-period (date range) filter
Employee Management,Exit List,EXL-03,done,High,"As an approver, I want to act on exits pending with me via the Task column, so that I can approve, cancel, or revoke them",exits-tab.tsx Open task: Approve/Cancel(Withdraw)/Revoke on pending exits,
Employee Management,Exit List,EXL-04,done,Medium,"As an HR admin, I want to see the exit initiation date and tentative last working day for each exit, so that I can plan offboarding",exits-tab.tsx Initiated + Tentative last day columns,
Employee Management,Exit List,EXL-05,partial,Low,"As an HR admin, I want to search and reset the exit list, so that I can refine or clear my query",Dropdown filters only,No search input or reset control on the exit list
Employee Management,Layoff List,LO-01,done,High,"As an HR admin, I want to initiate a layoff, so that a group separation can be tracked and approved",employees/components/lifecycle/layoffs-tab.tsx Initiate layoff dialog,
Employee Management,Layoff List,LO-02,done,High,"As an HR admin, I want to filter layoffs by status, so that I can track them through approval and exit stages",layoffs-tab.tsx status FilterSelect + StatusBadge,
Employee Management,Layoff List,LO-03,partial,Medium,"As an HR admin, I want to filter layoffs by period, so that I can review layoffs initiated within a date range",Only status filter in layoffs-tab.tsx,No period (initiated date range) filter
Employee Management,Layoff List,LO-04,done,High,"As an approver, I want to act on layoffs pending with me via the Task column, so that I can approve, reject, or withdraw them",layoffs-tab.tsx task dropdown setLayoffStatus actions on pending layoffs,
Employee Management,Layoff List,LO-05,done,Medium,"As an HR admin, I want to see the number of employees, initiated date, and initiator for each layoff, so that I can assess its scope","layoffs-tab.tsx columns: No. of employees, Initiated date, Initiator",
Employee Management,Mass update of Employee Data,MUE-01,done,High,"As an HR admin, I want to select a function for the bulk update, so that I can define which employee data attribute I am updating",employees/components/mass-update-dialog.tsx Function (attribute to update) select,
Employee Management,Mass update of Employee Data,MUE-02,done,High,"As an HR admin, I want to move employees between available and applicable lists using the transfer controls, so that I can choose who the mass update applies to",mass-update-dialog.tsx Available/Applicable lists with moveRight/moveLeft controls,
Employee Management,Mass update of Employee Data,MUE-03,done,High,"As an HR admin, I want to apply the update to the selected applicable employees, so that many records are updated in one action",mass-update-dialog.tsx Apply to N employee(s) → store.massUpdate,
Employee Management,Mass update of Employee Data,MUE-04,done,Low,"As an HR admin, I want to go back from the mass update screen, so that I can cancel or return to the previous page without changes",mass-update-dialog.tsx Back button closes dialog without applying,
Employee Management,New Joinees,NJ-01,done,High,"As an HR admin, I want to filter new joinees by status, so that I can track joining formalities that are pending, in progress, or completed",employees/components/lifecycle/onboarding-tabs.tsx NewJoineesTab status FilterSelect,
Employee Management,New Joinees,NJ-02,partial,Medium,"As an HR admin, I want to filter new joinees by joining period and department, so that I can focus on a specific intake or team",NewJoineesTab department filter exists,No joining-period (date range) filter
Employee Management,New Joinees,NJ-03,done,High,"As an HR admin, I want to complete joining formalities tasks for a candidate via the Task column, so that the joinee is onboarded",onboarding-tabs.tsx Complete next step task action (completeJoineeTask),
Employee Management,New Joinees,NJ-04,done,Medium,"As an HR admin, I want to see candidate and employee details including date of joining and department, so that I can verify each joinee's records","onboarding-tabs.tsx columns: candidate, employee code, date of joining, department",
Employee Management,New Joinees,NJ-05,partial,Low,"As an HR admin, I want to search and reset the new joinees list, so that I can refine or clear my query",Dropdown filters only,No search input or reset control on new joinees list
Employee Management,Onboarding Checklist,OBC-01,done,High,"As an HR admin, I want to complete and submit an onboarding checklist pending with me, so that a new hire's onboarding is recorded",lifecycle/components/onboarding-detail-sheet.tsx stage complete buttons + asset checkboxes,
Employee Management,Onboarding Checklist,OBC-02,done,High,"As an HR admin, I want to filter onboarding checklists by status, so that I can see items pending with me versus submitted",lifecycle/components/onboarding-tab.tsx status Select (Still onboarding/Completed),
Employee Management,Onboarding Checklist,OBC-03,partial,Medium,"As an HR admin, I want to filter checklists by onboarding type and employee name, so that I can focus on a specific onboarding category or person",Status filter only in onboarding-tab.tsx,No onboarding-type or employee-name filter
Employee Management,Onboarding Checklist,OBC-04,partial,Medium,"As an HR admin, I want to see work location, date of joining, position, and timeline for each onboarding, so that I can track onboarding progress","onboarding-columns.tsx: start date, dept, company, stage timeline",No work location or position columns
Employee Management,Onboarding Checklist,OBC-05,partial,Low,"As an HR admin, I want to search and reset the onboarding checklist list, so that I can refine or clear my query",DataTable column search available generically,No dedicated search/reset controls on the checklist list
Leave Management,Apply Time Off,ATO-01,done,High,"As an Employee, I want to select a time off type when creating a request, so that my leave is booked against the correct policy",apply-leave-overlay.tsx leave-type select,
Leave Management,Apply Time Off,ATO-02,done,High,"As an Employee, I want to specify a From and To date and time, so that my time off covers the correct period",apply-leave-overlay.tsx from/to date fields,
Leave Management,Apply Time Off,ATO-03,done,Medium,"As an Employee, I want to mark a request as tentative and add a reason, so that my manager understands the nature and intent of the leave",apply-leave-overlay.tsx tentative toggle + required tentativeReason,
Leave Management,Apply Time Off,ATO-04,done,Medium,"As an Employee, I want to notify peers by selecting employees and adding email ids, so that colleagues are informed of my absence",apply-leave-overlay.tsx notifyPeersEnabled + notifyEmails email list,
Leave Management,Apply Time Off,ATO-05,partial,Medium,"As an Employee, I want to upload supporting documents for my time off, so that proof such as medical certificates is attached to the request",leave-types.ts dynamicFields mention 'Medical certificate attachment' only,No document upload/attachment control in apply overlay
Leave Management,Apply Time Off,ATO-06,done,High,"As an Employee, I want to add entries to a list and then save or submit my request, so that my time off is recorded and sent for approval",apply-leave-overlay.tsx submit flow records request (my-leave-tab list),
Leave Management,Apply Time Off,ATO-07,done,High,"As an Employee, I want to be warned when my applied time off exceeds my balance, so that I can consciously proceed on loss of pay",apply-leave-overlay.tsx excess-balance warning + LOP confirmation dialog (LVE-32),
Leave Management,Employee Optional Holiday Requests,EOHR-01,partial,High,"As a Manager, I want to filter employee optional holiday requests by period using From and To dates, so that I can review requests for a specific date range",optional-requests-panel.tsx has status/class filters only,No From/To date period filter
Leave Management,Employee Optional Holiday Requests,EOHR-02,done,High,"As a Manager, I want to filter requests by status (Pending with me, Pending approval, Approved, Rejected), so that I can focus on requests needing my action",optional-requests-panel.tsx statusFilter select,
Leave Management,Employee Optional Holiday Requests,EOHR-03,partial,Medium,"As a Manager, I want to filter requests by department and employee class, so that I can narrow results to a specific group of employees",optional-requests-panel.tsx classFilter select,Employee class filter exists but no department filter
Leave Management,Employee Optional Holiday Requests,EOHR-04,done,Medium,"As a Manager, I want to toggle between active and inactive employees, so that I can include or exclude former employees from the results",optional-requests-panel.tsx includeInactive toggle,
Leave Management,Employee Optional Holiday Requests,EOHR-05,partial,Low,"As a Manager, I want to reset all filters, so that I can clear my selections and start a new search",optional-requests-panel.tsx filters exist,No reset-filters action
Leave Management,Employee Optional Holiday Requests,EOHR-06,done,Medium,"As a Manager, I want to view each request with holiday name, date, day and status in a list, so that I can understand the details of each optional holiday request","optional-requests-panel.tsx list with holiday, date, StatusBadge",
Leave Management,Employee Time Off Requests,ETOR-01,partial,High,"As a Manager, I want to filter employee time off requests by period, status, department and employee class, so that I can quickly find the requests I need to review",requests-tab.tsx status+dept filters; approvals-panel.tsx status filter,No period (from/to) or employee-class filter
Leave Management,Employee Time Off Requests,ETOR-02,done,High,"As a Manager, I want to filter requests by status such as Pending with me, Pending approval, Approved, Rejected, Cancelled, Taken and Tentative, so that I can act on requests in a ",approvals-panel.tsx and requests-tab.tsx statusFilter selects,
Leave Management,Employee Time Off Requests,ETOR-03,done,High,"As a Manager, I want to assign time off to an employee, so that I can record leave on their behalf",requests-tab.tsx 'Record on behalf of…' flow with onBehalfOf actor,
Leave Management,Employee Time Off Requests,ETOR-04,done,Medium,"As a Manager, I want to view request details including time off type, from and to dates, number of time offs, applied date and reason, so that I can make an informed approval decis","request-detail-sheet.tsx + request-columns.tsx show type, dates, amount, status",
Leave Management,Employee Time Off Requests,ETOR-05,done,Medium,"As a Manager, I want to toggle between active and inactive employees, so that I can control which employees' requests appear",Active/Inactive/All select on approvals-panel.tsx (Team) and requests-tab.tsx register,
Leave Management,Employee Time Off Requests,ETOR-06,partial,Low,"As a Manager, I want to reset the filters, so that I can clear my search criteria and start over",requests-tab.tsx filters exist,No reset-filters action
Leave Management,Employee Time Off Summary,ETOS-01,partial,High,"As a Manager, I want to view an employee time off summary filtered by year, so that I can review time off balances for a specific period",reports-tab.tsx balances dataset per employee,No year filter on the summary
Leave Management,Employee Time Off Summary,ETOS-02,partial,Medium,"As a Manager, I want to filter the summary by department and employee name, so that I can focus on a particular employee or team",reports-tab.tsx department/location/type filters,No employee-name filter
Leave Management,Employee Time Off Summary,ETOS-03,done,High,"As a Manager, I want to see time off credits, leaves taken, scheduled time offs and balance per time off type, so that I can understand each employee's remaining entitlement",reports-tab.tsx columns Entitlement/Taken/Pending/Remaining per leave type,
Leave Management,Employee Time Off Summary,ETOS-04,done,Medium,"As a Manager, I want to view pending approval and loss of pay time off figures, so that I can track outstanding and unpaid leave",reports-tab.tsx Pending and LOP columns per employee,
Leave Management,Employee Time Off Summary,ETOS-05,done,Medium,"As a Manager, I want to toggle between active and inactive employees, so that I can include or exclude former employees from the summary",reports-tab.tsx Active/Inactive/All select on balances summary + (inactive) marker,
Leave Management,Employee Time Off Summary,ETOS-06,partial,Low,"As a Manager, I want to reset my filters, so that I can clear the summary criteria and start again",reports-tab.tsx filters exist,No reset-filters action
Leave Management,Holiday List,HOL-01,done,High,"As an Employee, I want to filter the holiday list by location and year, so that I see holidays relevant to my office and calendar year",holidays-tab.tsx location + year selects filter calendars,
Leave Management,Holiday List,HOL-02,done,High,"As an Employee, I want to view holiday details including name, date, day and status, so that I can plan my work around official holidays",holidays-tab.tsx table with name/date/fixed-optional kind,
Leave Management,Holiday List,HOL-03,done,Medium,"As an Employee, I want to confirm an optional holiday, so that my chosen optional holiday is registered against my calendar",holidays-tab.tsx confirm optional holiday limited by MAX_OPTIONAL_HOLIDAYS,
Leave Management,Holiday List,HOL-04,partial,Low,"As an Employee, I want to refresh the holiday list, so that I see the most up to date holiday and swap information","holidays-tab.tsx live mock state, no refresh action",No explicit refresh control
Leave Management,Holiday List,HOL-05,done,Medium,"As an Employee, I want to see swap-with information for holidays, so that I know which holidays can be exchanged",holidays-tab.tsx 'Swap with' column and swapTarget action,
Leave Management,My Time Off Summary,TOS-01,done,High,"As an Employee, I want to view a summary of my time off balances by type, so that I can track credits, taken, scheduled and remaining balance",my-leave-tab.tsx balance table per leave type + leave-summary-cards.tsx,
Leave Management,My Time Off Summary,TOS-02,done,Medium,"As an Employee, I want to see pending and loss of pay time off details, so that I understand what is awaiting approval and any unpaid leave",my-leave-tab.tsx 'Pending approval' and 'LOP pending' columns,
Leave Management,My Time Off Summary,TOS-03,partial,Low,"As an Employee, I want to refresh my time off summary, so that I see the latest balance figures","my-leave-tab.tsx reactive mock state, no refresh button",No explicit refresh control
Leave Management,Office Closure,OC-01,done,High,"As an HR admin, I want to add a new office closure, so that employees are not expected to work during closed periods","config-holidays.tsx add-closure dialog (reason, from, to) LVE-45",
Leave Management,Office Closure,OC-02,done,Medium,"As an HR admin, I want to specify the locations and departments affected by an office closure, so that the closure applies only to the relevant employees",config-holidays.tsx closureLocations + closureDepts multi-select,
Leave Management,Office Closure,OC-03,done,Medium,"As an HR admin, I want to view existing office closures with reason, from date, to date, locations and departments, so that I can review scheduled closures",config-holidays.tsx closure list; leave-calendar.tsx renders closures,
Leave Management,Office Closure,OC-04,partial,Low,"As an HR admin, I want to refresh the office closure list, so that I can see the most recent closures","config-holidays.tsx live state, no refresh action",No explicit refresh control
Leave Management,Pending Time Off Adjustments,PTOA-01,done,High,"As a Manager, I want to filter pending time off adjustments by status (Pending with me, Pending approval), so that I can focus on adjustments requiring my action",adjustments-panel.tsx statusFilter select (default pending),
Leave Management,Pending Time Off Adjustments,PTOA-02,partial,Medium,"As a Manager, I want to filter adjustments by department and employee class, so that I can narrow the list to a specific group",adjustments-panel.tsx deptFilter select,Department filter exists but no employee-class filter
Leave Management,Pending Time Off Adjustments,PTOA-03,done,High,"As a Manager, I want to create a time off adjustment, so that I can correct an employee's leave balance","adjustments-panel.tsx create-adjustment form (employee, type, amount, reason) LVE-43",
Leave Management,Pending Time Off Adjustments,PTOA-04,done,Medium,"As a Manager, I want to view adjustment details including time off type, adjusted time off, balance and modified number of time offs, so that I can verify each adjustment before ap","adjustments-panel.tsx rows with type, adjusted amount, balance, StatusBadge",
Leave Management,Pending Time Off Adjustments,PTOA-05,partial,Low,"As a Manager, I want to reset the filters, so that I can clear my search criteria and start over",adjustments-panel.tsx filters exist,No reset-filters action
More/Asset Tracking,Asset List,AL-01,done,High,"As an HR admin, I want to view a paginated list of all custodian assets with their category, name, vendor, asset ID, serial number, purchase order date, warranty and status, so tha",assets/components/inventory-tab.tsx + asset-columns.tsx — full inventory DataTable with summary cards,
More/Asset Tracking,Asset List,AL-02,done,Medium,"As an HR admin, I want to filter assets by a period date range using From and To calendars, so that I can view assets relevant to a specific timeframe",components/inventory-tab.tsx — Period from/to (PO date) calendars in Inventory filter bar + Reset,
More/Asset Tracking,Asset List,AL-03,done,High,"As an HR admin, I want to filter assets by status such as Assigned, In Stock, Loan, Repair, Retired or Confirm Return, so that I can focus on assets in a particular state",inventory-tab.tsx 'Lifecycle state' Select over ASSET_STATES,
More/Asset Tracking,Asset List,AL-04,done,Medium,"As an HR admin, I want to filter assets by asset category, so that I can narrow the list to a specific category of assets",inventory-tab.tsx Category Select over config.categories,
More/Asset Tracking,Asset List,AL-05,done,Low,"As an HR admin, I want to reset all applied filters, so that I can quickly return to the default unfiltered asset list",inventory-tab.tsx Reset button clears all inventory filters,
More/Asset Tracking,Asset List,AL-06,done,Medium,"As an HR admin, I want to search assets after setting filters, so that the list refreshes with matching results",inventory-tab.tsx filters apply live to the DataTable (search-on-filter behaviour),
More/Asset Tracking,Employee Asset List,EAL-01,done,High,"As an HR admin, I want to view employees alongside their asset details including pending ARF, issued assets, returned assets and total asset value, so that I can track asset alloca","assets/components/reports-tab.tsx employee table: dept/designation, Pending ARF, issued, Returned, total value",
More/Asset Tracking,Employee Asset List,EAL-02,done,Medium,"As an HR admin, I want to toggle between Active Employees and Inactive Employees, so that I can review asset holdings for either group",reports-tab.tsx 'Active employees only' Switch toggling active/inactive view,
More/Asset Tracking,Employee Asset List,EAL-03,done,Medium,"As an HR admin, I want to filter employee asset records by a period date range, so that I can view allocations within a chosen timeframe",components/reports-tab.tsx — Period from/to (issue date) filter + Reset on Inventory > Reports,
More/Asset Tracking,Employee Asset List,EAL-04,done,Medium,"As an HR admin, I want to filter employees by department, so that I can review asset assignments for a specific department",reports-tab.tsx Department Select filter over DEPARTMENTS,
More/Asset Tracking,Employee Asset List,EAL-05,done,High,"As a Manager, I want to see the total asset value held with each employee in rupees, so that I can quantify the value of assets in employees' custody",reports-tab.tsx formatInr total asset value held per employee + grand total,
More/Asset Tracking,Employee Asset List,EAL-06,partial,Low,"As an HR admin, I want to reset the filters, so that I can return to the default employee asset list",reports-tab.tsx has dept/company/active filters,No explicit Reset button to clear the employee report filters
More/Asset Tracking,Employee Asset Requisition List,EARL-01,done,High,"As an HR admin, I want to view all asset requisitions with requisition number, date, requested asset, requester, department, requested and issued quantities and status, so that I c",requisitions-tab.tsx admin mode 'Employee Asset Requisitions' queue with requisition-columns,
More/Asset Tracking,Employee Asset Requisition List,EARL-02,done,High,"As an HR admin, I want to filter requisitions by status such as Pending with me, Pending Approval, Pending for Issuance, Pending for Partial Issuance, Rejected, Withdrawn or Issued",requisitions-tab.tsx status Select + 'Pending with me' Switch,
More/Asset Tracking,Employee Asset Requisition List,EARL-03,done,Medium,"As an HR admin, I want to filter requisitions by period and department, so that I can narrow requests to a timeframe and team",requisitions-tab.tsx Period from/to inputs + Department Select (admin),
More/Asset Tracking,Employee Asset Requisition List,EARL-04,done,High,"As an HR admin, I want to assign an asset requisition, so that I can allocate requested assets to the requesting employee",requisitions-tab.tsx 'Assign assets' button + assign-dialog.tsx issuing stock against requisition,
More/Asset Tracking,Employee Asset Requisition List,EARL-05,done,Low,"As an HR admin, I want to reset the requisition filters, so that I can clear my selection and view all requisitions",requisitions-tab.tsx Reset button clears status/period/department/pending-with-me,
More/Asset Tracking,My Asset List,AST-01,done,High,"As an Employee, I want to view a list of assets assigned to me with details like requisition number, asset name, serial number and assigned date, so that I can track the assets in ","assets/components/my-assets-tab.tsx — My allocated assets table (asset tag, serial, category, issued on, state, task)",
More/Asset Tracking,My Asset List,AST-02,done,Medium,"As an Employee, I want to filter my assets by a period with From and To dates, so that I can find assets assigned within a specific timeframe",components/my-assets-tab.tsx — Period from/to calendars filter My Assets by issue/return date,
More/Asset Tracking,My Asset List,AST-03,done,Medium,"As an Employee, I want to filter my assets by status such as Acknowledged/Issued, Pending for Receipt Acknowledgement, Pending for confirm return or Returned, so that I can focus o","components/my-assets-tab.tsx — Status filter (Acknowledged/Issued, Pending receipt, Pending confirm return, Returned)",
More/Asset Tracking,My Asset List,AST-04,done,Low,"As an Employee, I want to reset the filters, so that I can clear my selections and view all my assets again",components/my-assets-tab.tsx — Reset button clears status + period filters on My Assets,
More/Asset Tracking,My Asset List,AST-05,partial,Medium,"As an Employee, I want to see the return due date for each assigned asset, so that I can return assets on time",my-assets-tab.tsx OverdueBadge + overdue-return notification with expectedReturnDate,'To be returned on' date not shown as a column in the asset table
More/Asset Tracking,My Asset Requisition List,ASR-01,done,High,"As an Employee, I want to view my asset requisitions with details like requisition number, date, requested asset, quantity and status, so that I can track my requests",assets/components/requisitions-tab.tsx + requisition-columns.tsx — My Asset Requisitions table,
More/Asset Tracking,My Asset Requisition List,ASR-02,done,High,"As an Employee, I want to add a new asset requisition, so that I can request an asset I need for my work",requisitions-tab.tsx 'New Requisition' button opening RequisitionFormOverlay,
More/Asset Tracking,My Asset Requisition List,ASR-03,done,Medium,"As an Employee, I want to filter my requisitions by a period with From and To dates, so that I can find requisitions raised in a specific timeframe",requisitions-tab.tsx Period from/to date inputs filtering requestedOn,
More/Asset Tracking,My Asset Requisition List,ASR-04,done,Medium,"As an Employee, I want to filter my requisitions by status such as Pending Approval, Pending for Issuance, Issued/Acknowledged, Rejected, Withdrawn or Returned, so that I can track",requisitions-tab.tsx status Select over REQUISITION_STATUSES,
More/Asset Tracking,My Asset Requisition List,ASR-05,done,Low,"As an Employee, I want to reset the applied filters, so that I can clear my selections and view all requisitions again",requisitions-tab.tsx Reset button clears status/period/dept filters,
More/Asset Tracking,My Asset Requisition List,ASR-06,done,Medium,"As an Employee, I want to see the return-before date and pending actions for each requisition, so that I can complete required tasks like returning assets on time",requisitions-tab.tsx returnBefore column + 'Complete acknowledgement' pending task action,
More/Asset Tracking,New Asset Arrival List,NAAL-01,done,High,"As an HR admin, I want to view newly arrived assets with asset ID, category, name, vendor, procured date, invoice number, approved quantity, total asset value and status, so that I","movements-tab.tsx 'New Asset Arrivals' tab: name/category, vendor, procured/invoice, qty, total value, status",
More/Asset Tracking,New Asset Arrival List,NAAL-02,done,High,"As an HR admin, I want to add asset inward details, so that I can record new asset arrivals into the system",movement-form-dialogs.tsx ArrivalFormDialog 'Add asset inward details' + approve admits to inventory,
More/Asset Tracking,New Asset Arrival List,NAAL-03,done,High,"As an approver, I want to filter arrivals by status such as Pending with me, Pending Approval or Approved, so that I can process arrivals awaiting my action",movements-tab.tsx status Select over MOVEMENT_STATUSES + 'Pending with me' Switch,
More/Asset Tracking,New Asset Arrival List,NAAL-04,done,Medium,"As an HR admin, I want to filter arrivals by period and asset category, so that I can narrow arrivals to a timeframe and category",components/movements-tab.tsx — Asset category + Period from/to (procured date) filters on arrivals,
More/Asset Tracking,New Asset Arrival List,NAAL-05,done,Low,"As an HR admin, I want to reset the arrival filters, so that I can clear my selections and view all arrivals",movements-tab.tsx Reset button clears status + pending-with-me,
More/Asset Tracking,Out bound Asset List,OAL-01,done,High,"As an HR admin, I want to view outbound assets with their category, name, vendor, security pass number, security pass date and status, so that I can track assets leaving the premis","movements-tab.tsx 'Outbound Assets' tab: name/category, vendor, security pass, reason, status",
More/Asset Tracking,Out bound Asset List,OAL-02,done,High,"As an approver, I want to filter outbound assets by status such as Pending with me, Pending Approval or Approved, so that I can act on outbound requests awaiting my action",movements-tab.tsx status filter + 'Pending with me' Switch + approve/reject on outbound rows,
More/Asset Tracking,Out bound Asset List,OAL-03,done,Medium,"As an HR admin, I want to filter outbound assets by a period date range, so that I can view outbound movements within a specific timeframe",components/movements-tab.tsx — Period from/to (gate-pass date) filter on outbound list + Reset,
More/Asset Tracking,Out bound Asset List,OAL-04,done,Medium,"As a security officer, I want to track the security pass number and date for each outbound asset, so that I can validate authorised removal of assets",movements-tab.tsx Security pass column (passNumber + passDate); OutboundFormDialog requires both,
More/Asset Tracking,Out bound Asset List,OAL-05,done,Low,"As an HR admin, I want to reset the outbound filters, so that I can clear my selections and view all outbound assets",movements-tab.tsx shared Reset button clears outbound filters,
More/Attendance Tracking,Attendance Mass Approval,AMA-01,done,High,"As a Manager, I want to select a date and view attendance for my direct reports on that day, so that I can review the team's attendance in bulk",mass-approval.tsx: date input loads that day's records grid,
More/Attendance Tracking,Attendance Mass Approval,AMA-02,done,High,"As a Manager, I want to filter attendance by department, so that I can focus on employees within a specific department",mass-approval.tsx: department Select filters rows,
More/Attendance Tracking,Attendance Mass Approval,AMA-03,partial,Low,"As a Manager, I want to reset the filters, so that I can start a new query without leftover criteria",Filters exist in mass-approval.tsx but no Reset button,No Reset control
More/Attendance Tracking,Attendance Mass Approval,AMA-04,partial,High,"As a Manager, I want to see each employee's planned work, actual start/end times, work location, breaks and effective hours in one grid, so that I can validate their attendance bef",mass-approval.tsx grid: Planned/Actual/Work location/Breaks/Overall/Effective,No separate official visit/client location/personal off/WFH columns (single work-location col)
More/Attendance Tracking,Attendance Mass Approval,AMA-05,done,High,"As a Manager, I want to approve attendance for multiple employees at once via the Task column, so that I can process approvals efficiently",mass-approval.tsx: row checkboxes + Approve Selected bulk action (approveRecords),
More/Attendance Tracking,Attendance Mass Approval,AMA-06,partial,Medium,"As a Manager, I want to navigate to the previous date and refresh the view, so that I can review attendance across days quickly",Date input allows changing days; no Previous date / Refresh buttons,No dedicated Previous-date navigation or Refresh
More/Attendance Tracking,Employee Attendance Summary,EAS-01,done,High,"As a Manager, I want to filter the attendance summary by a From and To date range, so that I can review team attendance for a specific period",components/tracking-summary-tab.tsx — From/To date range on Tracking > Attendance Summary,
More/Attendance Tracking,Employee Attendance Summary,EAS-02,done,Medium,"As a Manager, I want to toggle between active and inactive employees, so that I can include or exclude former staff from the summary",components/tracking-summary-tab.tsx — Active/Inactive SwitchWithLabel toggle,
More/Attendance Tracking,Employee Attendance Summary,EAS-03,done,High,"As a Manager, I want to filter by department, position level, employee class and shift, so that I can narrow the summary to a specific group",components/tracking-summary-tab.tsx — dept/position/class/shift Selects,
More/Attendance Tracking,Employee Attendance Summary,EAS-04,done,Medium,"As a Manager, I want to enable Show today data, so that I can quickly view attendance for the current day",components/tracking-summary-tab.tsx — 'Show today data' switch pins range to today,
More/Attendance Tracking,Employee Attendance Summary,EAS-05,done,High,"As a Manager, I want to see scheduled hours, leaves, official visit, client location, personal out time, WFH, breaks, total and effective hours per employee, so that I can analyse ",tracking-summary-tab.tsx — scheduled/leaves/visit/client/out/WFH/breaks/total/effective cols,
More/Attendance Tracking,Employee Attendance Summary,EAS-06,done,Medium,"As a Manager, I want to view a totals row aggregating all employees' hours, so that I can gauge overall team effort at a glance",components/tracking-summary-tab.tsx — tfoot totals row aggregating all employees,
More/Attendance Tracking,Employee Attendance Summary,EAS-07,done,Low,"As a Manager, I want to reset the filters, so that I can clear my selections and run a fresh summary",components/tracking-summary-tab.tsx — Reset button restores defaults + toast,
More/Attendance Tracking,Employee Comp Off Request,ECO-01,partial,High,"As a Manager, I want to filter comp off requests by period, status, employee class and department, so that I can locate the requests I need to act on","approvals-other.tsx Comp Off table lists all requests, no filters",No period/status/employee class/department filters
More/Attendance Tracking,Employee Comp Off Request,ECO-02,partial,High,"As a Manager, I want to filter comp off requests by status such as Pending with me, Approved, Rejected or Cancelled, so that I can prioritise pending approvals",Statuses shown via StatusBadge but no status filter dropdown,No Pending-with-me status filter
More/Attendance Tracking,Employee Comp Off Request,ECO-03,partial,High,"As a Manager, I want to assign a comp off to an employee, so that I can grant compensatory time on their behalf",CompOffDialog exists (request-dialogs.tsx) but only employee self-service,No manager Assign comp off on behalf of an employee
More/Attendance Tracking,Employee Comp Off Request,ECO-04,done,Medium,"As a Manager, I want to see comp off date, days, employee details and status in the list, so that I can review each request at a glance",approvals-other.tsx: Employee/Comp off date/Days/Earned from/Status columns,
More/Attendance Tracking,Employee Comp Off Request,ECO-05,done,High,"As a Manager, I want to approve or reject a comp off request via the Task column, so that employees receive a decision on their comp off",approvals-other.tsx: Approve/Reject buttons call requests.decideCompOff,
More/Attendance Tracking,Employee Comp Off Request,ECO-06,done,Low,"As a Manager, I want to toggle active and inactive employees and refresh the list, so that I keep the request view current and relevant",tracking-requests-tab.tsx CompOffSection — Active/Inactive toggle + Refresh,
More/Attendance Tracking,Employee Out Time Request,EOT-01,partial,High,"As a Manager, I want to filter out time requests by period, status, employee class and department, so that I can find the requests relevant to me","approvals-other.tsx Out Time table lists all, no filters",No period/status/class/department filters
More/Attendance Tracking,Employee Out Time Request,EOT-02,partial,High,"As a Manager, I want to filter by statuses such as Pending with me, Approved, Rejected, Cancelled and Taken, so that I can track each stage of an out time request",Status badges shown; no status filter on manager view,No Pending-with-me status filter
More/Attendance Tracking,Employee Out Time Request,EOT-03,partial,High,"As a Manager, I want to assign an out time request on behalf of an employee, so that I can record their out time when needed",OutTimeDialog exists but employee self-service only,No manager Assign out time on behalf
More/Attendance Tracking,Employee Out Time Request,EOT-04,done,Medium,"As a Manager, I want to see request type, from/to dates, number of days and hours per request, so that I can assess the out time details before deciding",approvals-other.tsx: Employee/Type/From→To/Hours/Status columns,
More/Attendance Tracking,Employee Out Time Request,EOT-05,done,High,"As a Manager, I want to approve or reject out time requests via the Task column, so that employees get a timely decision",approvals-other.tsx: Approve/Reject via requests.decideOutTime,
More/Attendance Tracking,Employee Out Time Request,EOT-06,done,Low,"As a Manager, I want to reset filters and refresh the list, so that I can clear criteria and reload current requests","tracking-requests-tab.tsx OutTimeSection — type/status filters, Reset + Refresh",
More/Attendance Tracking,Employee Over Time Request,EOV-01,partial,High,"As a Manager, I want to filter overtime requests by period, status and department, so that I can locate the OT requests I need to review","approvals-swaps-ot.tsx OT table lists all requests, no filters",No period/status/department filters
More/Attendance Tracking,Employee Over Time Request,EOV-02,partial,High,"As a Manager, I want to filter overtime by statuses such as Pending with me, Approved, Rejected and Cancelled, so that I can focus on requests awaiting action","Status badges only, no status filter",No Pending-with-me status filter
More/Attendance Tracking,Employee Over Time Request,EOV-03,done,High,"As a Manager, I want to compare recorded OT hours with approved OT hours per employee, so that I can verify overtime before approving",approvals-swaps-ot.tsx: Recorded vs Approved hours columns per employee,
More/Attendance Tracking,Employee Over Time Request,EOV-04,done,High,"As a Manager, I want to approve or reject overtime via the Task column, so that employees are compensated correctly for extra hours",approvals-swaps-ot.tsx: Approve/Reject via requests.decideOvertime,
More/Attendance Tracking,Employee Over Time Request,EOV-05,done,Low,"As a Manager, I want to toggle active and inactive employees and refresh the list, so that I keep the overtime view relevant and current",tracking-requests-tab.tsx OvertimeSection — Active/Inactive toggle + Refresh,
More/Attendance Tracking,Employee Shift Assignment,ESA-01,partial,High,"As a Manager, I want to filter shift assignments by period, employee class, department, shift and status, so that I can find the assignments I need to manage",shifts-tab.tsx Roster Assignments list exists but without filters,No period/class/department/shift/status filters
More/Attendance Tracking,Employee Shift Assignment,ESA-02,done,High,"As a Manager, I want to assign a shift to employees, so that I can schedule my team's working hours",shifts-tab.tsx: Assign Shift button + dialog creates roster assignment,
More/Attendance Tracking,Employee Shift Assignment,ESA-03,partial,High,"As a Manager, I want to filter shift assignments by statuses such as Assigned, Pending with me, Approved, Rejected, Need clarification and Cancelled, so that I can track each assig",Statuses on roster rows; no status filter in manager view,"No status filter (Pending with me, Need clarification, etc.)"
More/Attendance Tracking,Employee Shift Assignment,ESA-04,done,Medium,"As a Manager, I want to see shift name, from/end dates, from/to times, assigned by and assigned date per record, so that I can review the full assignment detail","shifts-tab.tsx roster grid: shift, dates, times, Assigned by/on, status",
More/Attendance Tracking,Employee Shift Assignment,ESA-05,partial,High,"As a Manager, I want to approve, reject or request clarification on a shift assignment via the Task column, so that assignments are confirmed correctly",shifts-tab.tsx has cancelAssignment only,No Approve/Reject/Need-clarification actions on assignments
More/Attendance Tracking,Employee Shift Assignment,ESA-06,done,Low,"As a Manager, I want to reset the filters and refresh the list, so that I can clear criteria and reload the assignments","tracking-requests-tab.tsx ShiftAssignmentSection — shift/status filters, Reset + Refresh",
More/Attendance Tracking,Employee Work From Home Request,WFH-01,partial,High,"As a Manager, I want to filter WFH requests by period, status, employee class and department, so that I can find the requests relevant to me","approvals-other.tsx WFH table lists all, no filters",No period/status/class/department filters
More/Attendance Tracking,Employee Work From Home Request,WFH-02,partial,High,"As a Manager, I want to filter WFH requests by statuses such as Pending with me, Approved, Rejected and Cancelled, so that I can prioritise pending approvals","Status badges only, no filter",No Pending-with-me status filter
More/Attendance Tracking,Employee Work From Home Request,WFH-03,partial,High,"As a Manager, I want to assign a new WFH request on behalf of an employee, so that I can record remote work when required",WfhDialog exists (request-dialogs.tsx) but employee self-service only,No manager Assign WFH request on behalf
More/Attendance Tracking,Employee Work From Home Request,WFH-04,done,Medium,"As a Manager, I want to see from/to date time and number of days or hours per request, so that I can review the WFH duration before deciding",approvals-other.tsx: Employee/From→To/Days-Hours/Policy/Status columns,
More/Attendance Tracking,Employee Work From Home Request,WFH-05,done,High,"As a Manager, I want to approve or reject WFH requests via the Task column, so that employees receive a timely decision on remote work",approvals-other.tsx: Approve/Reject via requests.decideWfh,
More/Attendance Tracking,Employee Work From Home Request,WFH-06,done,Low,"As a Manager, I want to toggle active and inactive employees and refresh the list, so that I keep the WFH request view current",tracking-requests-tab.tsx WfhSection — Active/Inactive toggle + Refresh,
More/Attendance Tracking,Manual Attendance Sheet,MAS-01,done,High,"As an HR admin, I want to scope a manual attendance entry by applicable locations, departments and positions, so that I can target the correct set of employees",manual-sheet-overlay.tsx: Location/Department/Position scope selects,
More/Attendance Tracking,Manual Attendance Sheet,MAS-02,done,High,"As an HR admin, I want to select one or more employees using the transfer controls, so that I can record attendance for multiple people at once",manual-sheet-overlay.tsx: multi-select checkbox list of scoped employees (not >>/<< transfer),
More/Attendance Tracking,Manual Attendance Sheet,MAS-03,done,High,"As an HR admin, I want to set the attendance date, so that the manual entry is recorded against the correct day",manual-sheet-overlay.tsx: attendance date input,
More/Attendance Tracking,Manual Attendance Sheet,MAS-04,partial,High,"As an HR admin, I want to add in time and out time rows with comments, so that I can capture the exact punches for an employee",Single in/out time row with in/out comments in manual-sheet-overlay.tsx,No Add-new-time multi-punch rows grid
More/Attendance Tracking,Manual Attendance Sheet,MAS-05,done,High,"As an HR admin, I want to submit the manual attendance sheet, so that the recorded attendance is saved to the system",manual-sheet-overlay.tsx: Submit Sheet saves via attendance.addManual per employee,
More/Attendance Tracking,Manual Attendance Sheet,MAS-06,done,Low,"As an HR admin, I want to cancel the manual attendance entry, so that I can discard changes without saving",manual-sheet-overlay.tsx: Cancel button discards and closes,
More/Attendance Tracking,My Attendance Details,ATT-01,done,High,"As an Employee, I want to view my daily attendance records in a list, so that I can review my work hours and status per day",my-attendance-tab.tsx: table with Date/Planned/Actual/At work/Breaks/Effective/Status,
More/Attendance Tracking,My Attendance Details,ATT-02,done,High,"As an Employee, I want to filter my attendance by a From and To date range, so that I can review a specific period",my-attendance-tab.tsx: From/To date inputs filter myRecords,
More/Attendance Tracking,My Attendance Details,ATT-03,done,Medium,"As an Employee, I want to quickly see today's attendance data, so that I can check my current day's status without setting a date range",my-attendance-tab.tsx: Today's Data button sets from/to to today,
More/Attendance Tracking,My Attendance Details,ATT-04,partial,Low,"As an Employee, I want to reset the search filters, so that I can clear my selection and start a new query",my-attendance-tab.tsx has date filters but no Reset control,No Reset button to clear filters to defaults
More/Attendance Tracking,My Attendance Details,ATT-05,partial,Low,"As an Employee, I want to refresh the attendance list, so that I can see the latest recorded data",my-attendance-tab.tsx list is live state but has no Refresh action,No Refresh button/reload affordance
More/Attendance Tracking,My Attendance Details,ATT-06,partial,Medium,"As an Employee, I want to see the breakdown of my time by category such as Official visit, Client location, Personal off and WFH, so that I understand how my working hours are allo",my-attendance-tab.tsx shows single Category column + breaks count/duration,No per-row Official visit/Client location/Personal off/WFH breakdown columns
More/Attendance Tracking,My Out Time Request,OTR-01,done,High,"As an Employee, I want to add a new out time request, so that I can formally request time away during working hours","my-requests-panel.tsx: Out Time button opens OutTimeDialog (request-dialogs.tsx), new row listed",
More/Attendance Tracking,My Out Time Request,OTR-02,partial,High,"As an Employee, I want to filter my out time requests by a period From and To date, so that I can find requests within a specific timeframe",my-requests-panel.tsx My Out Time Requests table has status filter only,No Period From/To date filter on out time list
More/Attendance Tracking,My Out Time Request,OTR-03,done,Medium,"As an Employee, I want to filter my requests by Status, so that I can focus on Pending, Approved, Taken, Rejected or Cancelled requests",my-requests-panel.tsx: status Select (pending/approved/rejected/blocked) filters myOutTime,
More/Attendance Tracking,My Out Time Request,OTR-04,done,Medium,"As an Employee, I want to view details of each out time request, so that I can track its type, dates, duration and status","my-requests-panel.tsx: columns Type, From→To datetime, Hours, Status",
More/Attendance Tracking,My Out Time Request,OTR-05,partial,Low,"As an Employee, I want to reset my search filters, so that I can clear the period and status selections",Status select exists but no Reset control,No Reset to clear period/status filters
More/Attendance Tracking,My Out Time Request,OTR-06,partial,Low,"As an Employee, I want to refresh the out time request list, so that I can see the latest approval status of my requests",List is live state; no Refresh button,No Refresh action
More/Attendance Tracking,My Shift Assignment,SHA-01,done,High,"As an Employee, I want to view my shift assignments in a list, so that I can see which shifts I am scheduled to work",my-attendance-tab.tsx My Shift Assignments: Shift/From→End/Start–End/Assigned by/on/Status,
More/Attendance Tracking,My Shift Assignment,SHA-02,partial,High,"As an Employee, I want to filter my shift assignments by a period From and To date, so that I can review shifts for a specific timeframe",my-attendance-tab.tsx assignments filter by status only,No Period From/To filter on shift assignments
More/Attendance Tracking,My Shift Assignment,SHA-03,partial,Medium,"As an Employee, I want to filter shift assignments by a specific Shift, so that I can find assignments for a particular shift schedule",No shift dropdown filter in my-attendance-tab.tsx,No filter by specific Shift
More/Attendance Tracking,My Shift Assignment,SHA-04,done,Medium,"As an Employee, I want to filter shift assignments by Status, so that I can focus on Assigned, Pending approval, Approved, Rejected or Cancelled assignments",my-attendance-tab.tsx: status Select (pending-approval/approved/rejected/cancelled),
More/Attendance Tracking,My Shift Assignment,SHA-05,done,Low,"As an Employee, I want to see who assigned my shift and when, so that I can identify the source and date of each assignment",my-attendance-tab.tsx: Assigned by and Assigned on columns per row,
More/Attendance Tracking,My Shift Assignment,SHA-06,partial,Low,"As an Employee, I want to reset filters and refresh the shift list, so that I can clear selections and load the latest assignments",Status filter present; no Reset/Refresh buttons,No Reset and Refresh controls
More/Attendance Tracking,Pending Change Request,PCR-01,done,High,"As a Manager, I want to filter attendance change requests by period, status, employee class, department and position level, so that I can find the requests I need to review",approvals-corrections.tsx: status + department filters on change requests,
More/Attendance Tracking,Pending Change Request,PCR-02,done,High,"As a Manager, I want to filter change requests by statuses such as Pending with me, Rejected, Cancelled and Pending approval, so that I can focus on requests awaiting my action",approvals-corrections.tsx: status Select incl pending/escalated/approved/rejected,
More/Attendance Tracking,Pending Change Request,PCR-03,done,High,"As a Manager, I want to compare original in/out times with the requested in/out times, so that I can validate the change before approving",approvals-corrections.tsx: Original record vs Requested change comparison cards,
More/Attendance Tracking,Pending Change Request,PCR-04,partial,Medium,"As a Manager, I want to see the tracking mode and duration for each change request, so that I can understand how the time was captured",Employee/kind/status shown; no tracking mode or duration columns,Tracking mode and duration (hh:mm) not displayed
More/Attendance Tracking,Pending Change Request,PCR-05,done,High,"As a Manager, I want to approve or reject a pending attendance change request via the Task column, so that corrected attendance is reflected accurately",approvals-corrections.tsx: Approve & Apply / Reject via requests.decideCorrection,
More/Attendance Tracking,Pending Change Request,PCR-06,done,Low,"As a Manager, I want to reset the filters and refresh the list, so that I can clear criteria and reload current change requests","tracking-requests-tab.tsx ChangeRequestSection — field/status filters, Reset + Refresh",
More/Confirmation,Confirmation Review,CR-01,done,High,"As an HR admin, I want to filter the confirmation review list by active or inactive employees, so that I can focus on the relevant workforce segment",probation-tab.tsx — Active/Inactive employees select on Confirmation Review filter rail,
More/Confirmation,Confirmation Review,CR-02,done,High,"As an HR admin, I want to filter confirmation reviews by a From and To period using the calendar pickers, so that I can review confirmations due within a date range",lifecycle/components/probation-tab.tsx: from/to date inputs filter cases by dueDate,
More/Confirmation,Confirmation Review,CR-03,done,High,"As a Manager, I want to filter reviews by status such as Pending with me, Pending Confirmation, Confirmed, Extended Probation or Terminated, so that I can act on the right confirma",probation-tab.tsx STATUS_FILTERS incl. Pending with me/Confirmed/Extended/Terminated,
More/Confirmation,Confirmation Review,CR-04,done,Medium,"As an HR admin, I want to filter confirmation reviews by department, so that I can review confirmations for a specific team",probation-tab.tsx department Select filter over DEPARTMENTS,
More/Confirmation,Confirmation Review,CR-05,done,Medium,"As an HR admin, I want to search and reset the filters, so that I can run new queries without manually clearing each field",probation-tab.tsx Reset button + live filtering (search implicit),
More/Confirmation,Confirmation Review,CR-06,done,High,"As a Manager, I want to see each employee's joining date, confirmation review due date and confirmation status in the list, so that I can track pending confirmations at a glance","probation-columns.tsx probationColumns: name/code/class, dept, position, manager, joined, due, status",
More/Confirmation,Confirmation Review,CR-07,done,Medium,"As a Manager, I want to open the confirmation task action for an employee, so that I can initiate or complete the confirmation review",probation-tab.tsx row click opens ProbationDetailSheet with confirmation decision actions,
More/Confirmation,Peer Review,PR-01,done,High,"As a Manager, I want to filter peer reviews by active or inactive employees, so that I can focus on relevant staff during confirmation feedback",probation-tab.tsx — Peer Review tab Active/Inactive employee filter (employeeActive in probation.ts),
More/Confirmation,Peer Review,PR-02,done,Medium,"As a Manager, I want to filter peer reviews by a From and To period, so that I can view reviews requested within a date range",probation-tab.tsx — Peer Review From/To date filters on reviewDate,
More/Confirmation,Peer Review,PR-03,done,High,"As a Reviewer, I want to filter peer reviews by review status such as Pending Approval or Submitted, so that I can find reviews awaiting my action",probation-tab.tsx — Peer Review status select (Pending Approval / Submitted),
More/Confirmation,Peer Review,PR-04,done,Medium,"As a Reviewer, I want to search and reset the peer review filters, so that I can refine or clear my queries easily",probation-tab.tsx — Peer Review Search (match-count toast) + Reset buttons,
More/Confirmation,Peer Review,PR-05,partial,High,"As a Manager, I want to see peer review details including the reviewer, review requested by and review date, so that I can track who is providing confirmation feedback","probation-columns.tsx peerReviewColumns: employee, reviewer, requested by, review date, status",Missing code/class/department/position/manager columns
More/Confirmation,Peer Review,PR-06,partial,Low,"As a Reviewer, I want a clear no-records message when no peer reviews match my filters, so that I know the query returned nothing rather than failing",components/common/data-table/table.tsx shows 'No data available' when empty,Generic empty state; no filter-aware no-records message or zero item count
More/Confirmation,Periodic Review,PDR-01,done,High,"As a Manager, I want to filter periodic reviews by a From and To period, so that I can view feedback cycles within a specific date range",probation-tab.tsx — Periodic Review From/To period overlap filter,
More/Confirmation,Periodic Review,PDR-02,done,High,"As a Manager, I want to filter periodic reviews by review status such as Active or Submitted, so that I can focus on reviews that still need action",probation-tab.tsx — Periodic Review status select (Active / Submitted),
More/Confirmation,Periodic Review,PDR-03,done,Medium,"As a Manager, I want to search and reset the periodic review filters, so that I can run and clear queries efficiently",probation-tab.tsx — Periodic Review Search + Reset controls,
More/Confirmation,Periodic Review,PDR-04,partial,High,"As a Manager, I want to see each periodic review's period-from and period-to dates alongside employee details, so that I can track ongoing feedback cycles","probation-columns.tsx periodicReviewColumns: name/code, dept, manager, period from/to, status",Missing class and position columns
More/Confirmation,Periodic Review,PDR-05,done,Medium,"As a Manager, I want to open the task action for a periodic review, so that I can submit or complete the periodic feedback",probation-tab.tsx Active row opens periodic feedback dialog; store.submitPeriodicReview,
More/Knowledge Transfer,KT Tasks,KTT-01,partial,High,"As a Manager, I want to add a new KT task, so that knowledge transfer between a provider and receiver is formally tracked",exits.ts:101 KT session as exit checklist task; kensium-artifacts.ts KT toggle,No Add new KT task form/flow for managers
More/Knowledge Transfer,KT Tasks,KTT-02,done,Medium,"As a Manager, I want to filter KT tasks by active or inactive employees, so that I can focus on the relevant workforce",kt-tasks-tab.tsx (Exits > KT Tasks) — Active/Inactive employees filter via KtFilterBar,
More/Knowledge Transfer,KT Tasks,KTT-03,done,Medium,"As a Manager, I want to filter KT tasks by a period using From and To dates, so that I can review knowledge transfer within a date range",kt-tasks-tab.tsx — From/To period date filters,
More/Knowledge Transfer,KT Tasks,KTT-04,done,Medium,"As a Manager, I want to filter KT tasks by department, so that I can review knowledge transfer for a specific team",kt-tasks-tab.tsx — department select filter,
More/Knowledge Transfer,KT Tasks,KTT-05,done,High,"As a Manager, I want to filter KT tasks by status such as Assigned, Initiated, Reassigned, Received, Pre Closed or Withdrawn, so that I can track progress at each stage",kt-tasks-tab.tsx — status filter with Assigned/Initiated/Reassigned/Received/Pre Closed/Withdrawn,
More/Knowledge Transfer,KT Tasks,KTT-06,done,Medium,"As a Manager, I want to search and reset the KT task filters, so that I can quickly apply or clear my search criteria",kt-filter-bar.tsx — Search (match-count toast) + Reset buttons on KT Tasks,
More/Knowledge Transfer,KT Tasks,KTT-07,partial,Medium,"As a Manager, I want to view KT tasks in a list with Task, Provider, Receiver, Assigner, Project, Start date, Due date and Status columns, so that I can see all key details at a gl",kensium-artifacts.ts:1847 KT module artifact only; no task list table,No manager KT task list with provider/receiver/assigner/project columns
More/Knowledge Transfer,KT Tasks,KTT-08,done,Low,"As a Manager, I want to refresh the KT tasks list, so that I always see the most up-to-date task information",kt-tasks-tab.tsx — RefreshButton with last-refreshed stamp,
More/Knowledge Transfer,Knowledge Transfer to be provided by me,KTP-01,partial,High,"As an Employee, I want to view a list of knowledge transfer tasks I am responsible for providing, so that I can track my obligations and their status",kensium-artifacts.ts:1847 KT module toggle artifact; exits.ts KT checklist task only,No KT provider task list screen/tab in POC UI
More/Knowledge Transfer,Knowledge Transfer to be provided by me,KTP-02,done,High,"As an Employee, I want to search knowledge transfer tasks using filters, so that I can quickly find the relevant tasks","kt-my-tab.tsx — employee KT tab, provided sub-tab with full KtFilterBar search filters",
More/Knowledge Transfer,Knowledge Transfer to be provided by me,KTP-03,done,Medium,"As an Employee, I want to reset the search filters, so that I can start a new query without manually clearing each field",kt-filter-bar.tsx — Reset clears all provided-by-me filters,
More/Knowledge Transfer,Knowledge Transfer to be provided by me,KTP-04,done,Medium,"As an Employee, I want to filter tasks by active or inactive employees, so that I can focus on the relevant workforce segment",kt-my-tab.tsx — Active/Inactive filter on the receiving counterpart,
More/Knowledge Transfer,Knowledge Transfer to be provided by me,KTP-05,done,Medium,"As an Employee, I want to filter tasks by a date period using From and To calendars, so that I can review tasks within a specific timeframe",kt-filter-bar.tsx — From/To date calendars (native date pickers),
More/Knowledge Transfer,Knowledge Transfer to be provided by me,KTP-06,done,Medium,"As an Employee, I want to filter tasks by department, so that I can review knowledge transfer obligations for a specific department",kt-filter-bar.tsx — department select on provided sub-tab,
More/Knowledge Transfer,Knowledge Transfer to be provided by me,KTP-07,done,Medium,"As an Employee, I want to filter tasks by status such as Assigned, Initiated, Reassigned, Received, Pre closed or Withdrawn, so that I can monitor tasks at each lifecycle stage",kt-filter-bar.tsx — KT status filter (Assigned/Initiated/Reassigned/Received/Pre Closed/Withdrawn),
More/Knowledge Transfer,Knowledge Transfer to be provided by me,KTP-08,done,Low,"As an Employee, I want to see a weekly day breakdown (Su through Sa) alongside each task, so that I can understand the day-wise schedule of my knowledge transfer work",kt-columns.tsx WeekBreakdown — Su–Sa day chips with hours in ktProvidedColumns,
More/Knowledge Transfer,Knowledge Transfer to be received by me,KTR-01,partial,High,"As an Employee, I want to view a list of knowledge transfer tasks assigned for me to receive, so that I can track what knowledge I need to acquire",kensium-artifacts.ts:1847 KT module toggle artifact only,No KT receiver task list screen/tab in POC UI
More/Knowledge Transfer,Knowledge Transfer to be received by me,KTR-02,done,High,"As an Employee, I want to search received knowledge transfer tasks using filters, so that I can quickly locate specific tasks",kt-my-tab.tsx — received sub-tab with full KtFilterBar search filters,
More/Knowledge Transfer,Knowledge Transfer to be received by me,KTR-03,done,Medium,"As an Employee, I want to reset the search filters, so that I can clear my query and view the full list again",kt-filter-bar.tsx — Reset clears received-by-me filters and restores full list,
More/Knowledge Transfer,Knowledge Transfer to be received by me,KTR-04,done,Medium,"As an Employee, I want to filter received tasks by active or inactive employees, so that I can focus on the relevant workforce segment",kt-my-tab.tsx — Active/Inactive filter on the providing counterpart,
More/Knowledge Transfer,Knowledge Transfer to be received by me,KTR-05,done,Medium,"As an Employee, I want to filter received tasks by a date period using From and To calendars, so that I can review tasks within a specific timeframe",kt-filter-bar.tsx — From/To date calendars on received sub-tab,
More/Knowledge Transfer,Knowledge Transfer to be received by me,KTR-06,done,Medium,"As an Employee, I want to filter received tasks by department, so that I can review knowledge transfer tasks for a specific department",kt-filter-bar.tsx — department select on received sub-tab,
More/Knowledge Transfer,Knowledge Transfer to be received by me,KTR-07,done,Medium,"As an Employee, I want to filter received tasks by status such as Initiated, Assigned, Reassigned, Received, Pre closed or Withdrawn, so that I can monitor tasks at each lifecycle ",kt-filter-bar.tsx — KT lifecycle status filter on received sub-tab,
More/Knowledge Transfer,Knowledge Transfer to be received by me,KTR-08,done,Low,"As an Employee, I want to see a weekly day breakdown (Su through Sa) alongside each received task, so that I can understand the day-wise schedule of knowledge transfer sessions",kt-columns.tsx WeekBreakdown — Su–Sa chips in ktReceivedColumns,
More/Learning Management,Employee Certifications,EC-01,done,High,"As an HR admin, I want to view a list of employee certifications with details like employee code, department, certification name, mandatory flag, status, completed date and valid t",learning-team-tab.tsx > Team Learning > Employee Certifications table (code/dept/cert/mandatory/status/dates),
More/Learning Management,Employee Certifications,EC-02,done,High,"As an HR admin, I want to filter certifications by location, department, position level and employee name, so that I can narrow down to a specific group of employees.",learning-team-tab.tsx EmployeeCertificationsSection: location/department/position/employee-name filters,
More/Learning Management,Employee Certifications,EC-03,done,Medium,"As an HR admin, I want to filter certifications by status (All, Pending, Completed) and by a specific certification, so that I can review outstanding or completed certifications.",learning-team-tab.tsx: status (All/Pending/Completed) + certification selects,
More/Learning Management,Employee Certifications,EC-04,done,Low,"As an HR admin, I want to reset all applied filters, so that I can start a fresh search without manually clearing each field.",learning-team-tab.tsx: Reset button restores EMPTY_CERT_FILTER,
More/Learning Management,Employee Certifications,EC-05,done,High,"As an HR admin, I want to assign a certification to employees, so that required certifications are tracked and completed.",learning-team-tab.tsx Assign Certification dialog + use-learning-team.ts assignCertification,
More/Learning Management,Employee Certifications,EC-06,done,Low,"As an HR admin, I want to refresh the certifications list, so that I can see the latest status updates.",learning-team-tab.tsx RefreshButton on certifications list (toast + re-key),
More/Learning Management,Employee Enrollment Program,EEP-01,done,High,"As a manager, I want to view enrolled employees with their class, department, position level, title, schedule and status, so that I can monitor training enrollment across my team.",learning-team-tab.tsx EnrollmentSection table: employee/class/dept/level/title/schedule/status,
More/Learning Management,Employee Enrollment Program,EEP-02,done,Medium,"As a manager, I want to filter enrollments by a schedule date range (From and To), so that I can focus on programs within a specific period.",learning-team-tab.tsx EnrollmentSection: schedule From/To date inputs,
More/Learning Management,Employee Enrollment Program,EEP-03,done,High,"As a manager, I want to filter enrollments by status such as Pending with me, Pending approval, Pending confirmation, Confirmed, Rejected, Published and Completed, so that I can ac",learning-team-tab.tsx: ENROLLMENT_STATUSES select (Pending with me…Completed),
More/Learning Management,Employee Enrollment Program,EEP-04,done,Low,"As a manager, I want to view a weekly day breakdown (Su to Sa) for each enrollment, so that I can see which days the program runs.",learning-team-tab.tsx DayBreakdown: Su–Sa chips column per enrollment,
More/Learning Management,Employee Enrollment Program,EEP-05,done,Low,"As a manager, I want to reset filters and refresh the list, so that I can restore the default view and see current data.",learning-team-tab.tsx EnrollmentSection: Reset button + RefreshButton,
More/Learning Management,Employee Learning Requests,ELR-01,done,High,"As a manager, I want to view certification sponsorship requests with program title, vendor, total amount, max sponsorship amount, requester and status, so that I can review employe",learning-team-tab.tsx sponsorship table: title/vendor/total/max sponsorship/requester/status,
More/Learning Management,Employee Learning Requests,ELR-02,done,High,"As a manager, I want to view certification reimbursement requests with program title, vendor, total amount, maximum claimable amount, requester and status, so that I can process re",learning-team-tab.tsx reimbursement table with maximum claimable amount column,
More/Learning Management,Employee Learning Requests,ELR-03,done,High,"As a manager, I want to filter learning requests by status such as Pending with me, Pending approval, Approved, Rejected and Cancelled, so that I can focus on requests needing my a",learning-team-tab.tsx: TEAM_REQUEST_STATUSES filter incl. Pending with me + approve/reject,
More/Learning Management,Employee Learning Requests,ELR-04,partial,Medium,"As an employee, I want to submit a certification sponsorship request, so that I can seek funding for a certification program.",learning-tab.tsx raise request form includes sponsorship/reimbursement mode,No dedicated sponsorship form with vendor/total/max amounts
More/Learning Management,Employee Learning Requests,ELR-05,done,Low,"As a manager, I want to reset filters and refresh both request lists, so that I can restore the default view and see current data.",learning-team-tab.tsx LearningRequestsSection: Reset + Refresh re-keys both lists,
More/Learning Management,Learning Program,LP-01,done,High,"As an HR admin, I want to view a list of learning programs with title, program type, description and status, so that I can manage the training catalog.",learning-team-tab.tsx CatalogSection table: title/program type/description/status,
More/Learning Management,Learning Program,LP-02,done,Medium,"As an HR admin, I want to filter learning programs by program type, so that I can find programs of a particular category.",learning-team-tab.tsx: PROGRAM_TYPES filter select,
More/Learning Management,Learning Program,LP-03,done,High,"As an HR admin, I want to filter learning programs by status such as Pending with me, Pending approval, Approved, Scheduled, Rejected, Published, Completed and Active, so that I ca",learning-team-tab.tsx: CATALOG_STATUSES filter (Pending with me…Active),
More/Learning Management,Learning Program,LP-04,done,High,"As an HR admin, I want to add a new learning program, so that I can make new training available to employees.",learning-team-tab.tsx Add Learning Program dialog (RHF+zod) -> addCatalogProgram,
More/Learning Management,Learning Program,LP-05,done,Low,"As an HR admin, I want to reset filters and refresh the list, so that I can restore the default view and see current data.",learning-team-tab.tsx CatalogSection: Reset button + RefreshButton,
More/Learning Management,My Certifications,CERT-01,done,High,"As an Employee, I want to view a list of my certifications with name, mandatory flag, status, completion date and valid-till, so that I can track my certification progress",learning-tab.tsx certifications tab: certColumns name/mandatory/status/completedOn/validTill,
More/Learning Management,My Certifications,CERT-02,done,Medium,"As an Employee, I want to identify which of my certifications are mandatory, so that I can prioritize completing required ones",learning-tab.tsx mandatory column with Mandatory/Optional badge,
More/Learning Management,My Certifications,CERT-03,done,Medium,"As an Employee, I want to see the validity and completion dates of each certification, so that I know when a certification expires and needs renewal",learning-tab.tsx completedOn + validTill columns with Renew soon badge,
More/Learning Management,My Certifications,CERT-04,done,Low,"As an Employee, I want to refresh the certifications list, so that I see the most up-to-date certification records",learning-tab.tsx certifications tab Refresh button -> use-learning.ts refreshCertifications,
More/Learning Management,My Learning Requests,LR-01,done,High,"As an Employee, I want to view my learning requests with program name, learning type, sponsorship, result and status, so that I can track the progress of each request",learning-tab.tsx requestColumns program/learningType/sponsorship/result/status/task,Reattempt/Renewal column absent (minor)
More/Learning Management,My Learning Requests,LR-02,done,High,"As an Employee, I want to raise a learning request, so that I can request enrollment in a training program or certification",learning-tab.tsx Raise Learning Request dialog + store.raiseRequest,
More/Learning Management,My Learning Requests,LR-03,done,Medium,"As an Employee, I want to filter my learning requests by learning type, so that I can focus on a specific category of learning",learning-tab.tsx learning type Select filter over LEARNING_TYPES,
More/Learning Management,My Learning Requests,LR-04,done,Medium,"As an Employee, I want to filter my learning requests by status such as Pending approval, Approved, Rejected, Cancelled or Requested, so that I can see requests in a particular sta",learning-tab.tsx FilterBar status filter with LEARNING_STATUSES,
More/Learning Management,My Learning Requests,LR-05,done,Low,"As an Employee, I want to reset the search filters, so that I can clear my selections and view all my learning requests again",shared.tsx FilterBar Reset button resets to EMPTY_FILTER,
More/Learning Management,My Learning Requests,LR-06,done,Medium,"As an Employee, I want to see and act on tasks associated with a learning request, so that I can complete any pending actions on my requests",learning-tab.tsx Task column with completeTask/cancelRequest actions,
More/Learning Management,My Training Programs,TP-01,partial,High,"As an Employee, I want to view my training programs with title, description, status and weekly schedule, so that I can see which programs I am enrolled in",learning-tab.tsx programs tab cards: title/description/status/schedule,No Task column and no Su-Sa weekday grid
More/Learning Management,My Training Programs,TP-02,done,Medium,"As an Employee, I want to filter my training programs by a schedule date range using From and To dates, so that I can find programs occurring within a specific period",learning-tab.tsx programs tab FilterBar From/To over scheduleStart/scheduleEnd,
More/Learning Management,My Training Programs,TP-03,done,Medium,"As an Employee, I want to filter my training programs by status such as Scheduled, Confirmed, Published or Completed, so that I can see programs in a particular state",learning-tab.tsx: TRAINING_PROGRAM_STATUSES select (Scheduled/Confirmed/Published/Completed…),
More/Learning Management,My Training Programs,TP-04,done,Low,"As an Employee, I want to reset the search filters, so that I can clear my selections and view all my training programs again",learning-tab.tsx programs FilterBar Reset restores EMPTY_FILTER,
More/Learning Management,My Training Programs,TP-05,partial,Medium,"As an Employee, I want to see the weekly day-of-week schedule for each training program, so that I know on which days sessions occur",learning-tab.tsx card shows schedule text string,No Su-Sa day-of-week indicator columns
More/Learning Management,My Training Programs,TP-06,done,Medium,"As an Employee, I want to see and act on tasks associated with a training program, so that I can complete any pending confirmations or actions",learning-tab.tsx program cards task button -> use-learning.ts completeProgramTask,
More/Learning Management,Training Mass Approval,TMA-01,done,High,"As a manager, I want to view a list of pending training enrollments with employee, class, department, position, title, schedule and status, so that I can review enrollments requiri",learning-team-tab.tsx MassApprovalSection table: employee/class/dept/position/title/schedule/status,
More/Learning Management,Training Mass Approval,TMA-02,done,Medium,"As a manager, I want to filter enrollments by training title, so that I can focus on approvals for a specific training.",learning-team-tab.tsx: training title select over pending enrollments,
More/Learning Management,Training Mass Approval,TMA-03,done,High,"As a manager, I want to approve multiple training enrollments at once, so that I can process approvals efficiently for many employees.",learning-team-tab.tsx checkbox multi-select + Approve selected (n) -> approveEnrollments,
More/Learning Management,Training Mass Approval,TMA-04,done,Low,"As a manager, I want to reset the filter and refresh the list, so that I can restore the default view and see current pending approvals.",learning-team-tab.tsx MassApprovalSection: Reset + RefreshButton,
More/Orientation,Orientation Program,ORP-01,done,High,"As an HR admin, I want to view a list of orientation programs with title, training mode, number of participants and status, so that I can track all scheduled orientations at a glan","orientation-programs.tsx list: title, training mode, participants, status (7 seed programs)",
More/Orientation,Orientation Program,ORP-02,done,High,"As an HR admin, I want to schedule a new orientation, so that I can plan induction sessions for new employees","'Schedule Orientation' dialog: title, mode, participants, location, start date, presenter panel",
More/Orientation,Orientation Program,ORP-03,done,Medium,"As an HR admin, I want to see the status of each orientation program, so that I know whether it is scheduled, in progress or completed",StatusBadge column: Scheduled / In Progress / Completed / Cancelled,
More/Orientation,Orientation Program,ORP-04,done,Medium,"As an HR admin, I want to perform tasks against an orientation program from the Task column, so that I can act on individual orientations directly from the list",Task column with Start / Complete / Notify / Cancel row actions driving status flow,
More/Orientation,Orientation Program,ORP-05,done,Low,"As an HR admin, I want to refresh the orientation list, so that I can see the most up-to-date programs and participant counts",RefreshButton with last-refreshed stamp on Programs header,
More/Orientation,Orientation Program,ORP-06,done,Low,"As an HR admin, I want to page through the orientation programs and see item counts, so that I can navigate large numbers of orientations efficiently",PagerBar 'Showing X–Y of Z programs' with Prev/Next (page size 5 over 7 rows),
More/Performance Review,Employee Performance Review Ratings,EPRR-01,done,High,"As a Manager, I want to search employee performance review ratings by review period, so that I can review ratings for a specific timeframe",performance-review-tab.tsx Ratings — review-period From/To search via PeriodFilterBar,
More/Performance Review,Employee Performance Review Ratings,EPRR-02,done,High,"As a Manager, I want to filter review ratings by status (All, Pending submission, Closed), so that I can focus on records in a particular state",performance-review-tab.tsx — status select All/Pending Submission/Closed,
More/Performance Review,Employee Performance Review Ratings,EPRR-03,done,Medium,"As a Manager, I want to reset the search filters, so that I can clear my criteria and start a new query",performance-review-tab.tsx — Reset button clears rating filters,
More/Performance Review,Employee Performance Review Ratings,EPRR-04,done,Medium,"As a Manager, I want to view review ratings in a list with review period from, review period to, status and task columns, so that I can quickly scan each employee's review at a gla","performance-review-tab.tsx ratingColumns — period from, period to, status, task list",
More/Performance Review,Employee Performance Review Ratings,EPRR-05,done,Low,"As a Manager, I want to open the calendar to pick start and end dates, so that I can accurately choose the review period boundaries",performance-review-tab.tsx — From/To date inputs open native calendars for the period,
More/Performance Review,Employee Performance Review Ratings,EPRR-06,done,Low,"As a Manager, I want to refresh the ratings list, so that I always see the latest submitted review data",performance-review-tab.tsx — RefreshButton on Ratings grid,
More/Performance Review,Performance Review Initiation,PRI-01,done,High,"As a Manager, I want to search performance review initiations by review period, so that I can locate reviews to be initiated for a specific timeframe",performance-review-tab.tsx Initiation — review-period From/To search,
More/Performance Review,Performance Review Initiation,PRI-02,done,High,"As a Manager, I want to filter initiations by status (All, Initiated, Pending initiation, Completed), so that I can track where each review stands in the initiation lifecycle",performance-review-tab.tsx — status select All/Initiated/Pending Initiation/Completed,
More/Performance Review,Performance Review Initiation,PRI-03,done,Medium,"As a Manager, I want to reset the search filters, so that I can clear my criteria and begin a fresh query",performance-review-tab.tsx — Reset button clears initiation filters,
More/Performance Review,Performance Review Initiation,PRI-04,done,Medium,"As a Manager, I want to view initiations in a list with review period from, review period to, status and task columns, so that I can quickly assess each review's initiation state","performance-review-tab.tsx initiationColumns — period from, period to, status, task list",
More/Performance Review,Performance Review Initiation,PRI-05,done,Low,"As a Manager, I want to open the calendar to select start and end dates, so that I can precisely define the review period",performance-review-tab.tsx — From/To date calendars define the review period,
More/Performance Review,Performance Review Initiation,PRI-06,done,Low,"As a Manager, I want to refresh the initiation list, so that I always see the latest initiation status for my team's reviews",performance-review-tab.tsx — RefreshButton on Initiation grid,
More/Resource Management,Bulk Resource Assignments,BRA-01,done,High,"As a Manager, I want to assign multiple resources to projects in a single bulk grid, so that I can plan allocations efficiently without editing each entry separately",Employees > Projects > Bulk Assignments grid (components/projects/bulk-assignments-tab.tsx),
More/Resource Management,Bulk Resource Assignments,BRA-02,done,High,"As a Manager, I want to set a start date and end date for each resource assignment using a calendar picker, so that allocations are bounded to the correct period",Per-row start/end date calendar inputs in bulk-assignments-tab.tsx grid,
More/Resource Management,Bulk Resource Assignments,BRA-03,done,High,"As a Manager, I want to specify allocated hours per day and allocated percentage per day for each resource, so that capacity is planned accurately",Hrs/day and %/day numeric inputs per row in bulk-assignments-tab.tsx,
More/Resource Management,Bulk Resource Assignments,BRA-04,done,Medium,"As a Manager, I want to indicate allocation across weekdays (Su-Sa), so that assignments reflect the specific working days",Su-Sa weekday toggle chips per row in bulk-assignments-tab.tsx,
More/Resource Management,Bulk Resource Assignments,BRA-05,done,High,"As a Manager, I want to save all bulk resource assignments at once, so that the planned allocations are committed together",Save all (N) bulk commit -> useProjects.saveBulkAssignments + committed table,
More/Resource Management,Bulk Resource Assignments,BRA-06,done,Low,"As a Manager, I want to reset the bulk assignment grid, so that I can clear entered values and start over",Reset grid button clears all rows with toast in bulk-assignments-tab.tsx,
More/Resource Management,Day Wise Resource Allocation,DWRA-01,done,High,"As a Manager, I want to select an employee and a project, so that I can view that resource's day-wise allocation for a specific project",Employee + project selects in Projects > Day Wise Allocation (allocation-tabs.tsx),
More/Resource Management,Day Wise Resource Allocation,DWRA-02,done,High,"As a Manager, I want to choose a period with From and To dates via calendar pickers, so that I can restrict the allocation view to a date range",Period from/to date pickers in DayWiseAllocationTab (allocation-tabs.tsx),
More/Resource Management,Day Wise Resource Allocation,DWRA-03,done,High,"As a Manager, I want to search allocations for the selected criteria, so that I can see day-wise allocated hours and tasks",Search button returns day-wise hours + task rows from seed allocations,
More/Resource Management,Day Wise Resource Allocation,DWRA-04,done,Low,"As a Manager, I want to reset the search filters, so that I can clear the form and run a new query",Reset button clears filters/results with toast in DayWiseAllocationTab,
More/Resource Management,Day Wise Resource Allocation,DWRA-05,done,Medium,"As a Manager, I want a day-wise summary showing date, allocated hours and task, so that I can review daily workload distribution",Date / Allocated hours / Task summary table + total hours footer,
More/Resource Management,Day Wise Resource Allocation,DWRA-06,done,Low,"As a Manager, I want to refresh the day-wise summary, so that I see the latest allocation data without re-entering filters",Refresh button re-runs last query without re-entering filters,
More/Resource Management,Employee Project Allocation,EPA-01,done,High,"As a Manager, I want to select an employee and optionally a project name, so that I can view how that employee is allocated across projects",Employee + optional project selects in Projects > Employee Allocation (allocation-tabs.tsx),
More/Resource Management,Employee Project Allocation,EPA-02,done,High,"As a Manager, I want to choose a period with From and To dates via calendar pickers, so that I can limit the allocation view to a date range",Period from/to date pickers in EmployeeAllocationTab (allocation-tabs.tsx),
More/Resource Management,Employee Project Allocation,EPA-03,done,High,"As a Manager, I want to search allocations, so that I can review both day-wise and project-wise summaries for the employee",Search populates side-by-side day-wise and project-wise summaries,
More/Resource Management,Employee Project Allocation,EPA-04,done,Medium,"As a Manager, I want a day-wise summary showing date, project and allocated hours, so that I can track daily effort per project",Day-wise summary table with Date / Project / Allocated hours,
More/Resource Management,Employee Project Allocation,EPA-05,done,Medium,"As a Manager, I want a project-wise summary showing S.no, project and allocated hours, so that I can see total effort by project for the employee",Project-wise summary table with S.no / Project / Allocated hours,
More/Resource Management,Employee Project Allocation,EPA-06,done,Low,"As a Manager, I want to reset the filters and refresh the summaries, so that I can clear or reload data easily",Reset + Refresh buttons on EmployeeAllocationTab summaries,
More/Resource Management,My Project Allocation,MPA-01,done,High,"As an Employee, I want to filter my project allocation by a period with From and To dates, so that I can view allocations for a specific timeframe",self-service/components/work-tab.tsx: Period from/to date inputs filter allocations,
More/Resource Management,My Project Allocation,MPA-02,done,Medium,"As an Employee, I want to select a specific project name to filter my allocation, so that I can focus on one project's hours",work-tab.tsx: project search input scopes day-wise and project-wise summaries,
More/Resource Management,My Project Allocation,MPA-03,partial,Low,"As an Employee, I want to reset the filters, so that I can clear my selections and start a new search",work-tab.tsx filters can be cleared manually,No explicit Reset button to clear period/project filters
More/Resource Management,My Project Allocation,MPA-04,done,High,"As an Employee, I want to see a day-wise summary with date, project code, project and allocated hours, so that I can review my daily allocation across the week","work-tab.tsx Day-wise summary table: date, projectCode, project, hours (seedAllocations)",
More/Resource Management,My Project Allocation,MPA-05,done,Medium,"As an Employee, I want to see a project-wise summary of allocated hours, so that I can understand how my time is distributed across projects",work-tab.tsx projectWise memo renders project-wise totals with code and hours,
More/Resource Management,My Project Allocation,MPA-06,done,Low,"As an Employee, I want to refresh each summary section, so that I can load the latest allocation data without reloading the page","Per-section Refresh on day-wise & project-wise summaries (my-allocation-tab.tsx, Employee (User) role)",
More/Resource Management,Project Master,PM-01,done,High,"As an HR admin, I want to toggle between active and inactive projects, so that I can review projects by their current status",Active/Inactive status toggle in Projects > Project Master (project-master-tab.tsx),
More/Resource Management,Project Master,PM-02,done,Medium,"As an HR admin, I want to filter projects by a period using From and To dates, so that I can find projects within a specific date range",Period from/to date filters (overlap match) in project-master-tab.tsx,
More/Resource Management,Project Master,PM-03,done,Medium,"As an HR admin, I want to filter projects by client name, so that I can quickly find all projects for a given client",Client FilterSelect over 8 seeded clients in project-master-tab.tsx,
More/Resource Management,Project Master,PM-04,done,Low,"As an HR admin, I want to reset the filters, so that I can clear my search criteria and see the full project list",Reset button clears client/period filters with toast,
More/Resource Management,Project Master,PM-05,done,High,"As an HR admin, I want to view project details including client, project code, project name, billable flag, primary approver, dates, resources, Wrike flag, project type and current","Grid: client, code, name, billable, approver, dates, resources, Wrike, type, current status",
More/Resource Management,Project Master,PM-06,done,Medium,"As an HR admin, I want to page through the project list and refresh it, so that I can navigate all 145 projects and view current data",Prev/Next pagination over 145 seeded projects + Refresh button,
More/Resource Management,Sync Wrike Logs,SWL-01,partial,Medium,"As a System admin, I want to see the last activity sync date for Wrike logs, so that I know when data was most recently synchronized",kensium-artifacts.ts: 'Wrike Integration' config artifact (Resource Management),No Sync Wrike Logs UI showing last activity sync date
More/Resource Management,Sync Wrike Logs,SWL-02,partial,Low,"As a System admin, I want to see the job running frequency for the Wrike sync, so that I understand how often logs are automatically synchronized",kensium-artifacts.ts: 'Wrike Integration' config artifact (Resource Management),No UI showing Wrike sync job running frequency
More/Resource Management,Task Library,TL-01,done,High,"As an HR admin, I want to add a new task to the task library, so that standard tasks are available for project allocation",New task dialog (name + description) -> useProjects.addTask (task-library-tab.tsx),
More/Resource Management,Task Library,TL-02,done,Medium,"As an HR admin, I want to toggle between active and closed tasks, so that I can review tasks by their lifecycle status",Active/Closed toggle with counts + per-row Close/Reopen action,
More/Resource Management,Task Library,TL-03,done,Medium,"As an HR admin, I want to see each task's name and description, so that I can understand what each task covers",Task name + description columns in task-library-tab.tsx list,
More/Resource Management,Task Library,TL-04,done,Low,"As an HR admin, I want to page through the task library, so that I can browse all 31 tasks across multiple pages",Prev/Next pagination (10/page) over 31 seeded tasks in task-library-tab.tsx,
More/Tax Planning,Employee Arrear Details,EAD-01,pending,High,"As an HR admin, I want to search for employees on the Employee Arrear Details screen, so that I can quickly locate a specific employee's arrear record",No arrear UI or artifact anywhere in poc/src (grep 'arrear'),Build Employee Arrear Details screen with employee search | EXCLUDED: payroll (per user)
More/Tax Planning,Employee Arrear Details,EAD-02,pending,Medium,"As an HR admin, I want to reset my search filters, so that I can clear criteria and view the full employee list again",No arrear screen in POC,Reset filters control on arrear screen | EXCLUDED: payroll (per user)
More/Tax Planning,Employee Arrear Details,EAD-03,pending,High,"As an HR admin, I want to filter between active and inactive employees, so that I can review arrear details for the relevant employee status",No arrear screen in POC,Active/Inactive employee status filter | EXCLUDED: payroll (per user)
More/Tax Planning,Employee Arrear Details,EAD-04,pending,High,"As an HR admin, I want to select a financial year, so that I can view arrear details scoped to the correct period",No arrear screen in POC,Financial year selector scoping arrear data | EXCLUDED: payroll (per user)
More/Tax Planning,Employee Arrear Details,EAD-05,pending,High,"As an HR admin, I want to view a list of employees with their code, class, location, department, position level, reporting manager, date of joining, consultant tax rate and current",No arrear screen in POC,Employee list with code/class/location/dept/manager/DOJ/tax rate/CTC | EXCLUDED: payroll (per user)
More/Tax Planning,Employee Arrear Details,EAD-06,pending,Medium,"As an HR admin, I want to set a consultant tax rate, so that arrear calculations apply the correct rate for consultants",No consultant tax rate UI or artifact (grep 'consultant'),Consultant Tax Rate configuration action | EXCLUDED: payroll (per user)
More/Tax Planning,Employee Arrear Details,EAD-07,pending,Medium,"As an HR admin, I want to import Form 16 data, so that arrear details are populated from official tax documents",Only a static Form 16 document in portal.ts; no import flow,Form 16 Import upload flow | EXCLUDED: payroll (per user)
More/Tax Planning,Employee Arrear Details,EAD-08,pending,Medium,"As an HR admin, I want to import arrear data in bulk, so that I can update many employees efficiently",No arrear bulk import in POC,Bulk arrear import upload | EXCLUDED: payroll (per user)
More/Tax Planning,Employee Arrear Details,EAD-09,pending,Low,"As an HR admin, I want to page through and refresh the employee list, so that I can navigate large result sets and see the latest data",No arrear screen in POC,Pagination and refresh on arrear list | EXCLUDED: payroll (per user)
More/Tax Planning,My Deductions,MYD-01,done,High,"As an Employee, I want to select a financial year on the My Deductions screen, so that I can view deductions relevant to that tax period.",tax-tab.tsx FY Select filters deductions by financialYear,
More/Tax Planning,My Deductions,MYD-02,done,Medium,"As an Employee, I want to filter my deductions by category, so that I can focus on a specific type of deduction.",tax-tab.tsx category Select (DEDUCTION_CATEGORIES) filters list,
More/Tax Planning,My Deductions,MYD-03,done,High,"As an Employee, I want to search my deductions, so that I can quickly find matching deduction records.",tax-tab.tsx search Input live-filters name/provider/reference,
More/Tax Planning,My Deductions,MYD-04,partial,Medium,"As an Employee, I want to reset the search filters, so that I can clear my selections and start a new query.",tax-tab.tsx has filters but no Reset control,Add Reset button clearing FY/category/search to defaults
More/Tax Planning,My Deductions,MYD-05,done,Medium,"As an Employee, I want to view deduction details such as name, insurer/bank, policy/loan number, amount and payment dates, so that I can verify my declared deductions.","tax-tab.tsx deductionColumns: name, category, insurer/bank, policy/loan #, amount, payment dates",
More/Tax Planning,My Deductions,MYD-06,partial,Low,"As an Employee, I want to refresh the deductions list, so that I always see the latest saved data.",Refresh button exists only on Exemptions tab in tax-tab.tsx,Add refresh control to My Deductions tab
More/Tax Planning,My Exemption,MYE-01,done,High,"As an Employee, I want to select a financial year on the My Exemptions screen, so that I can view exemptions for that tax period.",tax-tab.tsx FY Select filters exemptions by financialYear,
More/Tax Planning,My Exemption,MYE-02,done,High,"As an Employee, I want to view my exemption records with type, applicable dates and monthly amount, so that I can confirm the exemptions applied to my salary.","tax-tab.tsx exemptionColumns: type, applicable from/to, monthly amount",
More/Tax Planning,My Exemption,MYE-03,done,Low,"As an Employee, I want to refresh the exemptions list, so that I always see the latest saved data.",tax-tab.tsx Refresh button on exemptions tab (refreshKey + toast),
More/Tax Planning,My Exemption,MYE-04,done,Low,"As an Employee, I want clear feedback when no exemptions are recorded, so that I know there is nothing to review for the selected year.",DataTable common component shows 'No data available' empty state,
More/Tax Planning,My LTA Reimbursement,LTA-01,done,High,"As an Employee, I want to select a financial year on the My LTA Reimbursement screen, so that I can view LTA claims for that tax period.",tax-tab.tsx FY Select filters ltaClaims by financialYear,
More/Tax Planning,My LTA Reimbursement,LTA-02,done,High,"As an Employee, I want to add a new LTA reimbursement, so that I can claim my leave travel allowance.",tax-tab.tsx New Claim button + LtaOverlay (tax-overlays.tsx) -> store.addLtaClaim,
More/Tax Planning,My LTA Reimbursement,LTA-03,done,Medium,"As an Employee, I want to capture travel details such as relationship, name, dates of departure and arrival and mode of travel, so that my LTA claim is complete and valid.","ltaColumns show traveller, relationship, departure/arrival, mode; LtaOverlay captures them",
More/Tax Planning,My LTA Reimbursement,LTA-04,done,Medium,"As an Employee, I want to enter the claim amount and claim period, so that the correct reimbursement is calculated for the eligible period.",ltaColumns totalAmount + claimPeriod (claimFrom–claimTo),
More/Tax Planning,My LTA Reimbursement,LTA-05,done,Medium,"As an Employee, I want to view my LTA claims with claims availed status, so that I can track how much of my LTA I have used.","ltaColumns include financialYear, totalAmount, claim period, claimsAvailed",
More/Tax Planning,My LTA Reimbursement,LTA-06,partial,Low,"As an Employee, I want to refresh the LTA reimbursement list, so that I always see the latest saved claims.",No refresh control on LTA tab in tax-tab.tsx,Add refresh button to LTA reimbursement tab
More/Tax Planning,My Salary Details,MSD-01,done,High,"As an Employee, I want to select a financial year on the My Salary Details screen, so that I can view my salary breakdown for that period.",tax-tab.tsx salary tab uses shared FY select; footer notes FY,
More/Tax Planning,My Salary Details,MSD-02,done,High,"As an Employee, I want to view my monthly CTC components such as Basic, HRA, allowances and employer contributions, so that I can understand my fixed pay structure.","data/tax.ts seedSalaryRows: Basic, HRA, Special allowance, Employer PF; month columns + Total",
More/Tax Planning,My Salary Details,MSD-03,done,Medium,"As an Employee, I want to see my gross salary and gross pay across the year, so that I can reconcile my total earnings.",seedSalaryRows Gross salary and Gross pay summary rows with monthly + total,
More/Tax Planning,My Salary Details,MSD-04,done,Medium,"As an Employee, I want to view my deductions including PF, ESI, profession tax and standard deduction, so that I can verify what is withheld from my pay.","seedSalaryRows: Employee PF, ESI contribution, Profession tax, Standard deduction",
More/Tax Planning,My Salary Details,MSD-05,pending,Low,"As an Employee, I want to see Gratuity and ESI applicability per month, so that I know which statutory rules apply to my salary.",No Gratuity/ESI Cycle Applicability rows in seedSalaryRows or tax-tab.tsx,Add per-month Gratuity Applicability and ESI Cycle Applicability rows | EXCLUDED: payroll (per user)
More/Tax Planning,My Salary Details,MSD-06,done,Medium,"As an Employee, I want to view the actual TDS deducted as per my payslip, so that I can confirm the tax withheld against my earnings.",seedSalaryRows 'Actual TDS deducted (per payslip)' tds row rendered highlighted,
More/Time Management,My Timesheet Details,TMD-01,done,High,"As an Employee, I want to view a list of my timesheet entries with start date, end date, project, recorded hours, status and per-day hours, so that I can review my logged time at a","self-service/components/timesheet-tab.tsx — period selector + entries table with Su-Sa columns, totals, status",
More/Time Management,My Timesheet Details,TMD-02,partial,High,"As an Employee, I want to filter my timesheets by a period (From and To dates), so that I can find entries for a specific date range",timesheet-tab.tsx has period dropdown; kensium-artifacts.ts Timesheet Settings,No From/To date range filter with Search
More/Time Management,My Timesheet Details,TMD-03,done,Medium,"As an Employee, I want to filter my timesheets by status (All, Pending for submission, Submitted), so that I can focus on timesheets in a particular state",timesheet-tab.tsx statusFilter Select (All/Pending for submission/Submitted/...),
More/Time Management,My Timesheet Details,TMD-04,partial,Low,"As an Employee, I want to reset the search filters, so that I can quickly clear my criteria and view all timesheets again",timesheet-tab.tsx 'All statuses' option clears status filter,No explicit Reset button clearing all filters
More/Time Management,My Timesheet Details,TMD-05,done,High,"As an Employee, I want to add a new timesheet entry from this screen, so that I can start recording time for a new period",timesheet-tab.tsx 'Add Entry' opens TimesheetEntryOverlay form,
More/Time Management,My Timesheet Details,TMD-06,done,Low,"As an Employee, I want to refresh the timesheet list, so that I can see the latest saved entries and statuses",components/my-timesheet-tab.tsx — Refresh pulls new entries + statuses (My Timesheet tab),
More/Time Management,My Timesheet Entry,TME-01,done,High,"As an Employee, I want to record time entries for a selected period against a client, project and task, so that my work hours are captured accurately",timesheet-entry-overlay.tsx — Client/Project/Task fields with hours saved via use-timesheets store,
More/Time Management,My Timesheet Entry,TME-02,done,Medium,"As an Employee, I want to classify each entry by type of work (e.g. Development, QA, Support, Training), so that my time is categorized correctly",timesheet-tab.tsx 'Type of work' column; overlay typeOfWork field,
More/Time Management,My Timesheet Entry,TME-03,done,Medium,"As an Employee, I want to mark whether time is productive and provide a non-productive reason (e.g. Internal, PTO/Holiday/Bench, Rework), so that productivity is reported correctly",timesheet-entry-overlay.tsx productive toggle + required nonProductiveReason validation,
More/Time Management,My Timesheet Entry,TME-04,done,High,"As an Employee, I want to enter hours per day of the week (Su-Sa) with a running total, so that I can log time across the whole period","timesheet-tab.tsx Su-Sa hour columns per entry, row totals and timesheetTotal running total",
More/Time Management,My Timesheet Entry,TME-05,done,Low,"As an Employee, I want to add comments to a timesheet entry, so that I can provide context about the work performed",timesheet-entry-overlay.tsx comment field; Comment column in timesheet-tab.tsx,
More/Time Management,My Timesheet Entry,TME-06,done,Medium,"As an Employee, I want to copy or import entries from an existing timesheet, so that I can avoid re-entering repetitive time records",timesheet-tab.tsx 'Copy from existing' dropdown → store.copyFromExisting,Import from file not present (copy path covers goal)
More/Time Management,My Timesheet Entry,TME-07,done,High,"As an Employee, I want to submit my timesheet for approval, so that my manager can review and approve my recorded hours","timesheet-tab.tsx 'Submit for approval' → store.submitTimesheet, status locks",
More/Time Management,My Timesheet Entry,TME-08,partial,Low,"As an Employee, I want to search entries and navigate to the previous period, so that I can review or continue logging time efficiently",timesheet-tab.tsx period dropdown allows navigating prior periods,No entry Search box or explicit Previous-period button
More/Time Management,Timesheet Utilization Summary,TUS-01,partial,High,"As a Manager, I want to select a reporting period with From and To dates, so that I can view team timesheet utilization for a specific date range",reports/data/report-catalog.ts 'Utilization Summary Report' runnable via run-report-sheet,No dedicated team screen with Period From/To calendar
More/Time Management,Timesheet Utilization Summary,TUS-02,partial,Medium,"As a Manager, I want to choose a View option, so that I can control how the utilization summary is presented",reports catalog Utilization Summary Report entry,No View dropdown controlling presentation
More/Time Management,Timesheet Utilization Summary,TUS-03,partial,High,"As a Manager, I want to filter the summary by project, so that I can review utilization for a specific project",reports catalog Utilization/Resource Utilization Report entries,No Select Project filter UI for utilization summary
More/Time Management,Timesheet Utilization Summary,TUS-04,partial,High,"As a Manager, I want to filter the summary by employee, so that I can review utilization for individual team members",reports catalog Resource Utilization Report (per resource),No Select Employee multi-filter UI
More/Time Management,Timesheet Utilization Summary,TUS-05,partial,High,"As a Manager, I want to run a search with the chosen filters, so that I can generate the utilization summary on demand",reports run-report-sheet.tsx generic run flow for catalog reports,No filtered Search generating on-screen utilization list
More/Time Management,Timesheet Utilization Summary,TUS-06,done,Medium,"As a Manager, I want to reset the filters, so that I can quickly clear my selections and start a new query",components/utilization-tab.tsx — week/dept/min-utilization filters with Reset,
More/Time Management,Timesheet Utilization Summary,TUS-07,done,High,"As a Manager, I want to see productive vs non-productive and utilization vs non-utilization breakdowns per employee across each weekday, so that I can assess how team time is being",utilization-tab.tsx — per-employee Su–Sa productive/non-productive + util % table,
More/Travel Management,Employee Advance Expenses,EAE-01,done,High,"As a Manager, I want to view a list of employee advance requests with added date, title, employee, department, additional expenses and requested advance amount, so that I can revie",travel-team-tab.tsx — Employee Advance Expenses sub-tab: date/title/employee/dept/addl-exp/advance table,
More/Travel Management,Employee Advance Expenses,EAE-02,done,Medium,"As a Manager, I want to filter advance requests by active or inactive employees, so that I can focus on the relevant employee set",travel-team-filter.tsx TeamFilterBar active/inactive employee select on advances list,
More/Travel Management,Employee Advance Expenses,EAE-03,done,Medium,"As a Manager, I want to filter advance requests by a From and To period, so that I can review requests within a specific date range",travel-team-filter.tsx TeamFilterBar Period From/To inputs on advances list,
More/Travel Management,Employee Advance Expenses,EAE-04,done,Medium,"As a Manager, I want to filter advance requests by department, so that I can review requests for a specific department",travel-team-filter.tsx TeamFilterBar department select on advances list,
More/Travel Management,Employee Advance Expenses,EAE-05,done,High,"As a Manager, I want to filter advance requests by status such as Pending with me, Pending Approval, Rejected, Cancelled or Approved, so that I can track requests by their approval",data/travel-team.ts TEAM_ADVANCE_STATUSES incl. Pending with me + Approve/Reject flow in travel-team-tab.tsx,
More/Travel Management,Employee Advance Expenses,EAE-06,done,Medium,"As a Manager, I want to search and reset the advance request filters, so that I can apply criteria and quickly clear them",travel-team-filter.tsx draft filter with Search + Reset buttons on advances list,
More/Travel Management,Employee Expenses,EE-01,done,High,"As a Manager, I want to view a list of employee actual expenses with added date, title, employee, department, expenses and amount, so that I can review my team's submitted expenses",travel-team-tab.tsx — Employee Expenses sub-tab: added date/title/employee/dept/expenses/amount table,
More/Travel Management,Employee Expenses,EE-02,done,Medium,"As a Manager, I want to filter expenses by active or inactive employees, so that I can focus on the relevant employee set",TeamFilterBar active/inactive employee select on Employee Expenses,
More/Travel Management,Employee Expenses,EE-03,done,Medium,"As a Manager, I want to filter expenses by a From and To period, so that I can review expenses within a specific date range",TeamFilterBar Period From/To inputs on Employee Expenses,
More/Travel Management,Employee Expenses,EE-04,done,Medium,"As a Manager, I want to filter expenses by department, so that I can review expenses for a specific department",TeamFilterBar department select on Employee Expenses,
More/Travel Management,Employee Expenses,EE-05,done,High,"As a Manager, I want to filter expenses by status including Approved, Settled and Closed, Settlement Pending and Pending Acknowledgement states, so that I can track expenses throug",TEAM_EXPENSE_STATUSES (Approved/Settled and Closed/Settlement Pending/Pending Acknowledgement) status filter,
More/Travel Management,Employee Expenses,EE-06,done,Low,"As a Manager, I want to filter expenses by amount, so that I can locate expenses of a particular value",TeamFilterBar showAmount input filters Employee Expenses by amount,
More/Travel Management,Employee Expenses,EE-07,done,Medium,"As a Manager, I want to search and reset the expense filters, so that I can apply criteria and quickly clear them",TeamFilterBar Search + Reset buttons on Employee Expenses,
More/Travel Management,Employee Travel Requests,ETR-01,done,High,"As a Manager, I want to view a list of employee travel requests with title, employee, department, trip details and requested advance, so that I can review my team's travel requests",travel-team-tab.tsx — Employee Travel Requests sub-tab: title/employee/dept/trip details/advance table,
More/Travel Management,Employee Travel Requests,ETR-02,done,Medium,"As a Manager, I want to filter travel requests by active or inactive employees, so that I can focus on the relevant employee set",TeamFilterBar active/inactive employee select on Employee Travel Requests,
More/Travel Management,Employee Travel Requests,ETR-03,done,Medium,"As a Manager, I want to filter travel requests by a From and To period, so that I can review requests within a specific date range",TeamFilterBar Period From/To inputs on Employee Travel Requests,
More/Travel Management,Employee Travel Requests,ETR-04,done,Medium,"As a Manager, I want to filter travel requests by department, so that I can review requests for a specific department",TeamFilterBar department select on Employee Travel Requests,
More/Travel Management,Employee Travel Requests,ETR-05,done,High,"As a Manager, I want to filter travel requests by status such as Pending Approval, Approved, Initiated, Completed, Travel Coordinator Confirmed and settlement states, so that I can",TEAM_TRAVEL_STATUSES filter (Pending Approval/Approved/Initiated/Completed/Coordinator Confirmed/settlement),
More/Travel Management,Employee Travel Requests,ETR-06,done,High,"As a Manager, I want to assign a travel request, so that the request is routed to the appropriate handler for processing",AssignTravelDialog (RHF+zod) routes request to handler via assignTravelRequest in use-travel-team.ts,
More/Travel Management,Employee Travel Requests,ETR-07,done,Medium,"As a Manager, I want to search and reset the travel request filters, so that I can apply criteria and quickly clear them",TeamFilterBar Search + Reset buttons on Employee Travel Requests,
More/Travel Management,My Advance Expenses,MAE-01,done,High,"As an Employee, I want to view my advance expense requests in a list with added date, title, expenses, requested advance and status, so that I can track my advance requests at a gl","travel-tab.tsx advanceColumns: Added on, Title, Requested advance, Expenses, Status, Task",
More/Travel Management,My Advance Expenses,MAE-02,done,High,"As an Employee, I want to filter my advance expenses by a From and To period, so that I can review advances raised within a specific date range",FilterBar Period from/to + applyFilter on advances (travel-tab.tsx),
More/Travel Management,My Advance Expenses,MAE-03,done,Medium,"As an Employee, I want to filter my advance expenses by status such as Pending Approval, Rejected, Cancelled or Approved, so that I can focus on requests in a particular state",FilterBar with ADVANCE_STATUSES (Pending Approval/Approved/Rejected/Cancelled) in data/travel.ts,
More/Travel Management,My Advance Expenses,MAE-04,done,Low,"As an Employee, I want to reset the filters, so that I can clear my selections and view all advance expenses again",shared.tsx FilterBar Reset button,
More/Travel Management,My Advance Expenses,MAE-05,partial,Low,"As an Employee, I want to refresh the advance expenses list, so that I can see the latest status of my requests",list reactively re-rendered from useTravel store,no explicit Refresh control
More/Travel Management,My Expenses,MEX-01,done,High,"As an Employee, I want to view my actual expenses in a list with added on date, title, expenses, amount and status, so that I can track my submitted expenses","travel-tab.tsx expenseColumns: Title, Added on, Amount, Details, Settlement status, Task",
More/Travel Management,My Expenses,MEX-02,done,High,"As an Employee, I want to filter my expenses by a From and To period, so that I can review expenses within a specific date range",FilterBar Period from/to + applyFilter on expenses (travel-tab.tsx),
More/Travel Management,My Expenses,MEX-03,done,Medium,"As an Employee, I want to filter my expenses by status including settlement and acknowledgement states, so that I can track expenses through the full settlement lifecycle",FilterBar with EXPENSE_STATUSES incl. Settled and Closed / Settlement Pending from Employee,
More/Travel Management,My Expenses,MEX-04,done,Medium,"As an Employee, I want to filter my expenses by amount, so that I can locate expenses of a particular value",travel-tab.tsx My Expenses FilterBar now has Amount (₹) input; cleared on Reset,
More/Travel Management,My Expenses,MEX-05,done,Low,"As an Employee, I want to reset my filters, so that I can clear selections and view all expenses again",shared.tsx FilterBar Reset button,
More/Travel Management,My Expenses,MEX-06,partial,Low,"As an Employee, I want to refresh the expenses list, so that I can see the latest settlement status of my expenses",list reactively re-rendered from useTravel store,no explicit Refresh control
More/Travel Management,My Travel Requests,MTR-01,done,High,"As an Employee, I want to apply a new travel request, so that I can seek approval for an upcoming business trip",travel-tab.tsx 'Apply Travel Request' + TravelRequestOverlay (travel-overlays.tsx),
More/Travel Management,My Travel Requests,MTR-02,done,High,"As an Employee, I want to view my travel requests in a list with title, trip details, requested advance and status, so that I can track the progress of my trips","travel-tab.tsx travelColumns: Title, Destination, From/To, Requested advance, Status, Task",
More/Travel Management,My Travel Requests,MTR-03,done,Medium,"As an Employee, I want to filter my travel requests by a From and To period, so that I can review requests within a specific date range",shared.tsx FilterBar Period from/to + applyFilter in travel-tab.tsx,
More/Travel Management,My Travel Requests,MTR-04,done,Medium,"As an Employee, I want to filter my travel requests by status such as Initiated, Approved, Completed or Travel Coordinator Confirmed, so that I can focus on requests in a particula",FilterBar status select with TRAVEL_STATUSES (Initiated/Approved/Coordinator Confirmed/Completed),
More/Travel Management,My Travel Requests,MTR-05,done,Low,"As an Employee, I want to reset the filters, so that I can clear selections and view all travel requests again",shared.tsx FilterBar Reset button clears to EMPTY_FILTER,
More/Travel Management,My Travel Requests,MTR-06,partial,Low,"As an Employee, I want to refresh the travel requests list, so that I can see the latest approval and settlement status",travel-tab.tsx list is reactively re-rendered from store,no explicit Refresh control on the tab
More/Travel Management,Trip Details,TD-01,done,High,"As a Travel Coordinator, I want to view approved trip details with title, name, departure and destination cities, departure date, mode and vendor, so that I can manage confirmed tr",travel-team-tab.tsx — Trip Details sub-tab: title/name/departure/destination/date/mode/vendor table,
More/Travel Management,Trip Details,TD-02,done,Medium,"As a Travel Coordinator, I want to filter trips by active or inactive employees, so that I can focus on the relevant employee set",TeamFilterBar active/inactive employee select on Trip Details,
More/Travel Management,Trip Details,TD-03,done,Medium,"As a Travel Coordinator, I want to filter trips by a From and To period, so that I can review trips within a specific date range",TeamFilterBar Period From/To inputs on Trip Details,
More/Travel Management,Trip Details,TD-04,done,Medium,"As a Travel Coordinator, I want to filter trips by department, so that I can review trips for a specific department",TeamFilterBar department select on Trip Details,
More/Travel Management,Trip Details,TD-05,done,High,"As a Travel Coordinator, I want to filter trips by status such as Pending for Vendor Confirmation, Travel Coordinator Process Initiated, Confirmed and Completed, so that I can trac",TRIP_STATUSES filter + Confirm with vendor action (confirmTrip) in travel-team-tab.tsx,
More/Travel Management,Trip Details,TD-06,partial,High,"As a Travel Coordinator, I want to confirm a trip as travel coordinator, so that the trip moves to the confirmed state for the vendor and traveller",'Travel Coordinator Confirmed' status exists in data/travel.ts + status-badge.tsx only,no coordinator confirm action/screen; status is display-only in employee list
More/Travel Management,Trip Details,TD-07,done,Medium,"As a Travel Coordinator, I want to search and reset the trip filters, so that I can apply criteria and quickly clear them",TeamFilterBar Search + Reset buttons on Trip Details,
Organization,Announcements,ANN-01,done,Medium,"As an HR admin, I want to select an event for an announcement, so that I can target the announcement to the right context",announcements/components/compose-overlay.tsx eventBasis select (EVENT_BASES),
Organization,Announcements,ANN-02,done,High,"As an HR admin, I want to submit a new announcement, so that it is published to employees",compose-overlay.tsx submit flow with zod validation,
Organization,Announcements,ANN-03,done,Low,"As an HR admin, I want to cancel the announcement form, so that I can discard my changes without publishing",compose-overlay.tsx overlay cancel/close discards form,
Organization,Announcements,ANN-04,done,Low,"As an employee, I want to see a clear message when no announcements exist, so that I know there is nothing new to read",feed-tab.tsx 'No announcements available' empty state (ANN-40),
Organization,Employee Current Status,ECS-01,done,High,"As an HR admin, I want to filter employee current status by location, so that I can review employees at a specific site",reports/current-status.tsx location filter (LOCATIONS),
Organization,Employee Current Status,ECS-02,done,High,"As an HR admin, I want to filter by department, so that I can review the current status of a team",reports/current-status.tsx department filter,
Organization,Employee Current Status,ECS-03,done,Medium,"As an HR admin, I want to search by project name or employee name, so that I can quickly locate a specific person",current-status.tsx project/employee name search (RPT-44),
Organization,Employee Current Status,ECS-04,done,Medium,"As an HR admin, I want to view a list of department, position level, employee name and current status, so that I can assess workforce availability",reports/components/current-status-columns.tsx grid columns,
Organization,Employee Current Status,ECS-05,done,Low,"As an HR admin, I want to reset my filters, so that I can start a new search from scratch",current-status.tsx reset() restores default filters,
Organization,Employee Feedback / Grievance,EFG-01,done,High,"As an HR admin, I want to view a list of employee feedback and grievances with Raised by, Type, Title, Submitted date, Status, and Task columns, so that I can review all submission",feedback/components/worklist-tab.tsx scoped grid with entries-table-columns,
Organization,Employee Feedback / Grievance,EFG-02,partial,High,"As an HR admin, I want to search feedback and grievance records, so that I can quickly find specific submissions",worklist-tab.tsx status/type quick filters,No free-text keyword search on worklist
Organization,Employee Feedback / Grievance,EFG-03,partial,Medium,"As an HR admin, I want to reset the search filters, so that I can clear my criteria and start a new query",worklist-tab.tsx resetSelectionKey; filters revert to 'all',No single Reset button clearing all criteria
Organization,Employee Feedback / Grievance,EFG-04,done,High,"As an HR admin, I want to filter feedback by Status such as All, Submitted, Feedback received, Closed, and Reopened, so that I can focus on submissions at a particular stage",worklist-tab.tsx statusFilter Select over ENTRY_STATUSES,
Organization,Employee Feedback / Grievance,EFG-05,done,Medium,"As an HR admin, I want to filter by Active employees or Inactive employees and by Raised by, so that I can narrow results to the relevant submitters",directory/components/feedback-worklist-tab.tsx — Active/Inactive + Raised-by filters on 'Feedback & Grievance' tab,
Organization,Employee Feedback / Grievance,EFG-06,done,High,"As an employee, I want to submit feedback or grievance anonymously, so that I can raise concerns without revealing my identity",new-entry-overlay.tsx anonymous flag + governed anonymousEnabled (FBG-20/21),
Organization,Employee Feedback / Grievance,EFG-07,done,Medium,"As an HR admin, I want to see feedback that requires action by me and refresh the list, so that I can stay current on pending items",worklist-tab.tsx action-required/SLA-breaching counts + reactive list,
Organization,Hierarchy Chart,HC-01,done,High,"As a Manager, I want to view the hierarchy by manager, so that I can see the reporting structure under a chosen manager",directory/components/org-chart-tab.tsx manager-based react-d3-tree hierarchy,
Organization,Hierarchy Chart,HC-02,partial,High,"As an HR admin, I want to view the hierarchy by employee, so that I can trace an individual's reporting line",org-chart-tab renders full tree; org-node-detail per person,No employee-picker to trace an individual's reporting line
Organization,Hierarchy Chart,HC-03,partial,Medium,"As a Manager, I want to choose a view such as direct reports, so that I can scope how much of the hierarchy is shown",org-chart-tab collapsible tree nodes,No explicit 'direct reports' scope selector
Organization,Hierarchy Chart,HC-04,done,Medium,"As an HR admin, I want to select a view type such as Chart Model, so that the hierarchy renders in my preferred format",org-chart-tab.tsx ChartView = 'tree' | 'department' view type toggle,
Organization,Hierarchy Chart,HC-05,done,High,"As a Manager, I want to generate the hierarchy chart, so that I can visualize the selected structure","org-chart-tab renders chart live for selected scope, PNG/PDF export",
Organization,Hierarchy Chart,HC-06,partial,Low,"As a Manager, I want to reset my selections, so that I can generate a different chart",org-chart-tab department filter is changeable to 'all',No explicit Reset control for chart selections
Organization,My Feedback / Grievance,MFG-01,done,High,"As an employee, I want to add a new feedback or grievance, so that I can raise concerns to HR",feedback/components/my-entries-tab.tsx 'New Entry' + new-entry-overlay.tsx,
Organization,My Feedback / Grievance,MFG-02,partial,High,"As an employee, I want to filter my feedback by status such as Submitted, Feedback received, Closed or Reopened, so that I can track its progress",my-entries-tab status summary chips; status filter only on worklist-tab,No status filter on the employee's own entries tab
Organization,My Feedback / Grievance,MFG-03,done,Medium,"As an employee, I want to view my feedback list with Type, Title, Sent to, Status and Task columns, so that I can review all my submissions at a glance",feedback/components/entries-table-columns.tsx type/title/status columns,
Organization,My Feedback / Grievance,MFG-04,partial,Low,"As an employee, I want to refresh the feedback list, so that I can see the latest status updates",my-entries-tab reactive store keeps list current,No explicit Refresh action on My Entries tab
Organization,My Feedback / Grievance,MFG-05,partial,Low,"As an employee, I want to reset my search filters, so that I can view all my feedback again",my-entries-tab resetSelectionKey; no search filters to reset,No search/reset controls on My Entries tab
Organization,Org Chart,OC-01,done,High,"As an employee, I want to view the organizational chart, so that I can understand the company structure and leadership",directory/components/org-chart-tab.tsx interactive org chart (DIR-03/04),
Organization,Org Chart,OC-02,done,Medium,"As an employee, I want to see each person's name, department and role in the org chart, so that I know who leads each function",org-chart-tab node cards + org-node-detail.tsx name/department/role,
Organization,Policies,POL-01,done,High,"As an employee, I want to view active policies, so that I can read the rules currently in force",policies/components/catalog-controls.tsx 'Active policies' filter,
Organization,Policies,POL-02,done,Medium,"As an HR admin, I want to view inactive policies, so that I can review superseded or retired documents",catalog-controls.tsx 'Inactive policies' filter (POL-21/22),
Organization,Policies,POL-03,done,Medium,"As an employee, I want to see each policy's name and effective dates, so that I know which version applies and when",policies/components/policies-table-columns.tsx name + effective dates,
Organization,Policies,POL-04,done,Low,"As an employee, I want to refresh the policies list, so that I see the most current set of documents",catalog-controls.tsx refreshedAt + refresh control,
Organization,Position List,POS-01,done,High,"As an HR admin, I want to add a new position, so that I can define roles within a department",positions/components/catalogue-tab.tsx add via position-overlay.tsx,
Organization,Position List,POS-02,done,Medium,"As an HR admin, I want to view positions with ID, status, department, position, level and task columns, so that I can review the full catalogue of roles",positions/components/positions-table-columns.tsx grid columns + row tasks,
Organization,Position List,POS-03,done,Medium,"As an HR admin, I want to page through the position list, so that I can browse all 444 positions",catalogue-tab.tsx PAGE_SIZE=10 pagination with pageCount,
Organization,Position List,POS-04,done,Low,"As an HR admin, I want to refresh the position list, so that I see the latest positions",catalogue-tab.tsx aria-label='Refresh' with toast,
Organization,Reports,RPT-01,done,High,"As an HR admin, I want to browse reports grouped by category such as Employee Management and Recruitment, so that I can find the report I need quickly",reports/data/report-catalog.ts REPORT_CATEGORIES + catalog-tab.tsx grouping,
Organization,Reports,RPT-02,done,High,"As an HR admin, I want to open Employee Management reports like Skills, Attrition and Exit reports, so that I can analyze workforce data",report-catalog.ts Employee Management reports; run-report-sheet.tsx,
Organization,Reports,RPT-03,done,Medium,"As a Recruiter, I want to access recruitment reports such as Open Vacancies and Interview Schedule, so that I can track hiring performance",report-catalog.ts Recruitment category reports in catalog-tab,
Organization,Reports,RPT-04,done,Medium,"As a Manager, I want to access attendance and leave reports such as Attendance Report and Leave Summary, so that I can monitor team compliance",report-catalog.ts Attendance Management + leave categories,
Organization,Reports,RPT-05,done,Medium,"As a Manager, I want to access performance and resource reports such as Employee Performance and Resource Utilization, so that I can evaluate productivity",report-catalog.ts Performance Management + resource categories,
Organization,Review Announcements,RAN-01,done,High,"As an HR admin, I want to review the list of posted announcements, so that I can verify what has been communicated",announcements/components/manage-tab.tsx posted announcements grid,
Organization,Review Announcements,RAN-02,done,High,"As an HR admin, I want to edit an existing announcement, so that I can correct or update its content",manage-tab.tsx handleEdit opens compose/edit overlay,
Organization,Review Announcements,RAN-03,done,Medium,"As an HR admin, I want to delete an announcement, so that I can remove outdated communications",manage-tab.tsx delete with confirm dialog (ANN-38),
Organization,Review Announcements,RAN-04,done,Low,"As an HR admin, I want to hide an announcement, so that I can suppress it without deleting it",manage-tab.tsx Hide/Unhide action (ANN-39),
Organization,Surveys,SUR-01,partial,High,"As an employee, I want to filter surveys by period using From and To dates, so that I can find surveys within a timeframe",workflows/data/kensium-artifacts.ts 'Survey List' artifact only,No surveys UI; no period From/To filter
Organization,Surveys,SUR-02,partial,High,"As an employee, I want to filter surveys by status such as Pending response or Responded, so that I can focus on surveys I still need to complete",kensium-artifacts.ts Survey Module/Approvers artifacts only,No surveys UI; no status filter
Organization,Surveys,SUR-03,partial,Medium,"As an employee, I want to view surveys with title, start date, end date and status, so that I know when each survey is open",kensium-artifacts.ts survey-list artifact only,No survey list table with title/dates/status
Organization,Surveys,SUR-04,partial,Low,"As an employee, I want to reset my survey filters, so that I can view all surveys again",kensium-artifacts.ts survey artifacts only,No surveys UI; no reset control
Organization,Vacancies,VAC-01,done,High,"As an employee, I want to view open vacancies, so that I can find internal opportunities to apply for",recruitment/components/vacancies-tab.tsx open vacancies table + status filter,
Organization,Vacancies,VAC-02,done,Medium,"As a Recruiter, I want to view closed vacancies, so that I can review positions that are no longer accepting applications",vacancies-tab.tsx status filter includes closed/withdrawn vacancies,
Organization,Vacancies,VAC-03,done,High,"As an employee, I want to search vacancies by keyword, so that I can find roles matching my interests",directory/components/vacancies-tab.tsx — keyword search over title/dept/location/skills on 'Vacancies' tab,
Organization,Vacancies,VAC-04,partial,Medium,"As an employee, I want to filter vacancies by location, so that I can find roles at a preferred site",vacancies-tab.tsx shows Work location column,"No location filter, only display"
Organization,Vacancies,VAC-05,done,Medium,"As an employee, I want to filter vacancies by experience range using From and To years, so that I can find roles matching my seniority",directory/components/vacancies-tab.tsx — Experience From/To (yrs) range filter + per-row experience band,
Organization,Vacancies,VAC-06,partial,Low,"As an employee, I want to reset my vacancy filters, so that I can start a new search",vacancies-tab.tsx filter can be set back to 'all',No explicit Reset control clearing all vacancy filters
Recruitment,Accept Offer,HAO-01,done,High,"As a Recruiter, I want to view candidates in the Accept Offer stage in a list with RRF ID, name, email, contact, work location, employee class, position, applied date and interview",offers-tab.tsx accepted-stage view + Accept action (respondToOffer),
Recruitment,Accept Offer,HAO-02,done,High,"As a Recruiter, I want to search candidates by name, so that I can quickly locate a specific accepted-offer candidate",offers-tab.tsx candidate-name search input,
Recruitment,Accept Offer,HAO-03,partial,Medium,"As a Recruiter, I want to refresh the list, so that I see the latest accept-offer data",Live state list,No explicit Refresh control
Recruitment,Accept Offer,HAO-04,done,Medium,"As a Recruiter, I want to switch between hiring stage filters such as In-Review, Interview, On Hold, Offered, Accepted and Joined, so that I can navigate the pipeline from one scre",offers-tab.tsx stage views + hiring-pipeline-tab.tsx stage buttons with counts,
Recruitment,Accept Offer,HAO-05,partial,Low,"As a Recruiter, I want to page through results, so that I can review all accepted-offer candidates when the list is empty or long",Stage counts shown,No pagination / empty-state item count
Recruitment,Appointment Letter,HAL-01,done,High,"As an HR admin, I want to view candidates at the Appointment Letter stage with full details including interview status of Joined, so that I can process appointment letters for join",offers-tab.tsx 'appointment' view (accepted+joined) + issueAppointmentLetter,
Recruitment,Appointment Letter,HAL-02,done,High,"As an HR admin, I want to search candidates by name, so that I can quickly find a specific hire needing an appointment letter",offers-tab.tsx name search,
Recruitment,Appointment Letter,HAL-03,partial,Medium,"As an HR admin, I want to refresh the appointment letter list, so that I see the most recent joined candidates",Live state list,No explicit Refresh control
Recruitment,Appointment Letter,HAL-04,done,Medium,"As an HR admin, I want to navigate hiring stage filters such as Joined, Offered and Accepted, so that I can move between pipeline stages",offers-tab.tsx stage filter buttons (release/joining/appointment/...),
Recruitment,Appointment Letter,HAL-05,partial,Low,"As an HR admin, I want to see the item count and pagination for the joined candidates, so that I can confirm how many appointment letters are pending",Per-stage counts,No item-range display or pagination
Recruitment,Bulk Resume Upload,BRU-01,done,High,"As a Recruiter, I want to upload multiple resume files at once, so that I can quickly attach candidate documents to a requisition",components/bulk-upload-dialog.tsx — queue with per-file name/size/progress,
Recruitment,Bulk Resume Upload,BRU-02,partial,High,"As a Recruiter, I want to upload an entire folder of resumes, so that I can bulk import candidates without selecting files individually",bulk-upload-dialog.tsx multi-file input labelled 'multiple / folder',No true folder picker (webkitdirectory); only multi-file select
Recruitment,Bulk Resume Upload,BRU-03,done,High,"As a Recruiter, I want to submit the queued resume uploads, so that they are processed and linked to the selected requisition",bulk-upload-dialog.tsx onProcess submit → per-file success/failure results,
Recruitment,Bulk Resume Upload,BRU-04,done,Medium,"As a Recruiter, I want to view the list of requisitions with their request id, department, work location, position, vacancies, closing date and status, so that I upload resumes aga",bulk-upload-dialog.tsx target-requisition picker + requisition-columns.tsx list,
Recruitment,Bulk Resume Upload,BRU-05,done,Medium,"As a Recruiter, I want to monitor upload progress and cancel or close the upload dialog, so that I can control the bulk upload process",bulk-upload-dialog.tsx queue table (name/size/progress/status) with Close,
Recruitment,Bulk Resume Upload,BRU-06,partial,Low,"As a Recruiter, I want to refresh and page through the requisition list, so that I always work with current data across many requisitions",Live React state keeps list current,No explicit Refresh button or pagination on requisition list
Recruitment,Cancel Offer,HCO-01,done,High,"As a Recruiter, I want to view candidates whose offers can be cancelled in a list with all candidate details, so that I can identify offers to cancel",offers-tab.tsx 'cancel' view (released/accepted) + cancelOffer action,
Recruitment,Cancel Offer,HCO-02,done,High,"As a Recruiter, I want to search candidates by name, so that I can locate a specific offer to cancel",offers-tab.tsx name search,
Recruitment,Cancel Offer,HCO-03,partial,Medium,"As a Recruiter, I want to refresh the list, so that I see current cancel-offer records",Live state list,No explicit Refresh control
Recruitment,Cancel Offer,HCO-04,done,Medium,"As a Recruiter, I want to switch between hiring stage filters, so that I can navigate the pipeline while managing offer cancellations",offers-tab.tsx stage filter buttons,
Recruitment,Cancelled,HCN-01,done,High,"As a Recruiter, I want to view candidates whose candidature was cancelled in a list with full details and Cancelled interview status, so that I can track cancelled candidates",hiring-pipeline-tab.tsx 'cancelled' stage view (TA-47),
Recruitment,Cancelled,HCN-02,done,High,"As a Recruiter, I want to search cancelled candidates by name, so that I can find a specific cancelled record",hiring-pipeline-tab.tsx candidate-name search,
Recruitment,Cancelled,HCN-03,partial,Medium,"As a Recruiter, I want to refresh the cancelled list, so that I see the latest cancelled candidates",Live state list,No explicit Refresh control
Recruitment,Cancelled,HCN-04,done,Medium,"As a Recruiter, I want to navigate to other hiring stage filters, so that I can move between pipeline stages from the Cancelled view",hiring-pipeline-tab.tsx stage buttons with counts,
Recruitment,In Review,HIR-01,done,High,"As a Recruiter, I want to view shortlisted candidates in the In Review stage with all details and Shortlisted interview status, so that I can manage candidates under review",hiring-pipeline-tab.tsx in-review/shortlisted stage view,
Recruitment,In Review,HIR-02,done,High,"As a Recruiter, I want to search in-review candidates by name, so that I can quickly locate a shortlisted candidate",hiring-pipeline-tab.tsx name search,
Recruitment,In Review,HIR-03,done,High,"As a Recruiter, I want to schedule mass interviews for shortlisted candidates, so that I can efficiently arrange interviews for multiple candidates at once",hiring-pipeline-tab.tsx multi-select → 'Schedule mass interviews' + schedule-interview-dialog.tsx,
Recruitment,In Review,HIR-04,partial,Medium,"As a Recruiter, I want to refresh the in-review list, so that I see the latest shortlisted candidates",Live state list,No explicit Refresh control
Recruitment,In Review,HIR-05,done,Medium,"As a Recruiter, I want to switch between hiring stage filters such as Interview, On Hold and Offered, so that I can navigate the pipeline",hiring-pipeline-tab.tsx stage buttons incl. Interview/On Hold/Offered,
Recruitment,Interview Feedback,HIF-01,done,High,"As an Interviewer, I want to view candidates with scheduled interviews and their round status, so that I can identify candidates awaiting interview feedback",hiring-pipeline-tab.tsx rounds + Feedback action → scorecard-dialog.tsx,
Recruitment,Interview Feedback,HIF-02,done,High,"As an Interviewer, I want to search candidates by name, so that I can quickly find the candidate whose feedback I need to record",hiring-pipeline-tab.tsx name search,
Recruitment,Interview Feedback,HIF-03,done,Medium,"As a Recruiter, I want to schedule mass interviews from the feedback view, so that I can arrange further interview rounds for multiple candidates",hiring-pipeline-tab.tsx mass interview scheduling from any stage view,
Recruitment,Interview Feedback,HIF-04,partial,Medium,"As an Interviewer, I want to page through the interview feedback list, so that I can review all 52 scheduled candidates across pages",Full list rendered in one table,No pagination controls
Recruitment,Interview Feedback,HIF-05,partial,Medium,"As an Interviewer, I want to refresh the list, so that I see the most recent interview statuses",Live state list,No explicit Refresh control
Recruitment,Job Vacancy,JV-01,done,High,"As a Recruiter, I want to view all job vacancies with vacancy code, RRF id, work location, employee class, number of vacancies and dates, so that I can track open positions","components/vacancies-tab.tsx vacancy table w/ code, location, class, dates, status",
Recruitment,Job Vacancy,JV-02,done,High,"As a Recruiter, I want to filter vacancies by status using the New, Assigned, In Process, Closed, Withdrawn and All tabs, so that I can focus on vacancies at a specific stage",vacancies-tab.tsx VACANCY_STATUSES lifecycle tabs with counts (TA-34),
Recruitment,Job Vacancy,JV-03,done,Medium,"As a Recruiter, I want to see which recruiters are assigned to each vacancy, so that I know who is responsible for filling it","vacancies-tab.tsx recruiter assignment (RECRUITERS, assign dialog)",
Recruitment,Job Vacancy,JV-04,done,Medium,"As a Recruiter, I want to review requisition created and position closing dates, so that I can prioritise vacancies nearing their closing date",vacancies-tab.tsx shows created/closing dates per vacancy row,
Recruitment,Job Vacancy,JV-05,partial,Low,"As a Recruiter, I want to refresh the vacancy list, so that I always see the current set of open positions",Live state list in vacancies-tab.tsx,No explicit Refresh control
Recruitment,Joining Letter,HJL-01,done,High,"As an HR admin, I want to view candidates at the Joining Letter stage with full candidate details, so that I can issue joining letters to accepted hires",offers-tab.tsx 'joining' view (accepted) + issueJoiningLetter action,
Recruitment,Joining Letter,HJL-02,done,High,"As an HR admin, I want to search candidates by name, so that I can locate a specific hire needing a joining letter",offers-tab.tsx name search,
Recruitment,Joining Letter,HJL-03,partial,Medium,"As an HR admin, I want to refresh the joining letter list, so that I see the latest candidates",Live state list,No explicit Refresh control
Recruitment,Joining Letter,HJL-04,done,Medium,"As an HR admin, I want to navigate hiring stage filters, so that I can move between pipeline stages from the Joining Letter view",offers-tab.tsx stage filter buttons,
Recruitment,Offer Approval,HOA-01,done,High,"As a Manager, I want to view candidates awaiting offer approval with their interview status and details, so that I can review candidates before approving offers",offers-tab.tsx 'Pending Approval' view + approver-matrix chain (use-offers.ts TA-11/TA-46),
Recruitment,Offer Approval,HOA-02,done,High,"As a Manager, I want to search candidates by name, so that I can quickly find a candidate whose offer needs approval",offers-tab.tsx name search,
Recruitment,Offer Approval,HOA-03,done,Medium,"As a Recruiter, I want to schedule mass interviews from the offer approval view, so that I can arrange additional interview rounds for multiple candidates",hiring-pipeline-tab.tsx mass interview scheduling,
Recruitment,Offer Approval,HOA-04,partial,Medium,"As a Manager, I want to page through the offer approval list, so that I can review all candidates across pages",Full list in one table,No pagination controls
Recruitment,Offer Approval,HOA-05,partial,Medium,"As a Manager, I want to refresh the offer approval list, so that I see the latest candidates awaiting approval",Live state list,No explicit Refresh control
Recruitment,Offer Letter,HOL-01,done,High,"As an HR admin, I want to view candidates at the Offer Letter stage with full candidate details, so that I can generate offer letters for approved candidates",generate-offer-dialog.tsx template-based offer generation + offers-tab.tsx views,
Recruitment,Offer Letter,HOL-02,done,High,"As an HR admin, I want to search candidates by name, so that I can locate a specific candidate needing an offer letter",offers-tab.tsx name search,
Recruitment,Offer Letter,HOL-03,partial,Medium,"As an HR admin, I want to refresh the offer letter list, so that I see the latest candidates",Live state list,No explicit Refresh control
Recruitment,Offer Letter,HOL-04,done,Medium,"As an HR admin, I want to navigate hiring stage filters, so that I can move between pipeline stages from the Offer Letter view",offers-tab.tsx stage filter buttons,
Recruitment,On Hold Candidates,HOH-01,done,High,"As a Recruiter, I want to view candidates placed on hold with all details and On Hold interview status, so that I can track candidates whose progression is paused",hiring-pipeline-tab.tsx 'on-hold' view with heldFromStage (TA-45),
Recruitment,On Hold Candidates,HOH-02,done,High,"As a Recruiter, I want to search on-hold candidates by name, so that I can quickly find a specific paused candidate",hiring-pipeline-tab.tsx name search,
Recruitment,On Hold Candidates,HOH-03,partial,Medium,"As a Recruiter, I want to refresh the on-hold list, so that I see the latest on-hold candidates",Live state list,No explicit Refresh control
Recruitment,On Hold Candidates,HOH-04,done,Medium,"As a Recruiter, I want to switch to other hiring stage filters such as In-Review, Interview and Offered, so that I can move a candidate off hold into the pipeline",hiring-pipeline-tab.tsx stage buttons; on-hold rows show origin stage,
Recruitment,Post Vacancies,PV-01,done,High,"As a Recruiter, I want to add a new job posting, so that I can advertise an open vacancy on a posting channel","vacancies-tab.tsx createPosting dialog (channel, level, mode)",
Recruitment,Post Vacancies,PV-02,done,High,"As a Recruiter, I want to view postings with their posting source, vacancy, department, position level, work location and posting channel, so that I can track where each vacancy is",vacancies-tab.tsx postings list with channel/position level/mode (TA-38),
Recruitment,Post Vacancies,PV-03,done,Medium,"As a Recruiter, I want to see a clear empty state when no postings exist, so that I know none have been created yet",vacancies-tab.tsx:242 'No postings yet' empty state,
Recruitment,Post Vacancies,PV-04,partial,Low,"As a Recruiter, I want to refresh the postings list, so that I see newly added postings immediately",Live state postings list,No explicit Refresh control
Recruitment,Pre Onboarding Checklist,POC-01,done,Medium,"As an HR admin, I want to access a pre-onboarding checklist for candidates, so that I can track pre-joining tasks before a new hire starts",config-onboarding.tsx checklist questionnaire + application-detail-sheet.tsx candidate checklist,
Recruitment,Pre Onboarding Checklist,POC-02,done,Low,"As an HR admin, I want the Pre Onboarding Checklist page to load reliably, so that I am not blocked by timeout errors when reviewing candidate onboarding",SPA sheet loads instantly (application-detail-sheet.tsx); no navigation timeout,
Recruitment,Refuse Offer,HRF-01,done,High,"As a Recruiter, I want to view candidates who can refuse an offer in a list with all candidate details, so that I can track refused offers",offers-tab.tsx 'refuse' view + Refuse action (respondToOffer refused),
Recruitment,Refuse Offer,HRF-02,done,High,"As a Recruiter, I want to search candidates by name, so that I can locate a specific refused-offer candidate",offers-tab.tsx name search,
Recruitment,Refuse Offer,HRF-03,partial,Medium,"As a Recruiter, I want to refresh the list, so that I see current refuse-offer records",Live state list,No explicit Refresh control
Recruitment,Refuse Offer,HRF-04,done,Medium,"As a Recruiter, I want to navigate to other hiring stage filters, so that I can move between pipeline stages from the Refuse Offer view",offers-tab.tsx stage filter buttons,
Recruitment,Release Offer,HRO-01,done,High,"As an HR admin, I want to view candidates ready for offer release in a list with all candidate details, so that I can release offers to approved candidates","offers-tab.tsx 'release' view + releaseOffer action, expiry flags",
Recruitment,Release Offer,HRO-02,done,High,"As an HR admin, I want to search candidates by name, so that I can locate a specific candidate to release an offer to",offers-tab.tsx name search,
Recruitment,Release Offer,HRO-03,partial,Medium,"As an HR admin, I want to refresh the release offer list, so that I see the latest candidates",Live state list,No explicit Refresh control
Recruitment,Release Offer,HRO-04,done,Medium,"As an HR admin, I want to navigate hiring stage filters such as Offered and Accepted, so that I can move between pipeline stages from the Release Offer view",offers-tab.tsx stage filter buttons incl. Accepted,
Recruitment,Requisition List,RL-01,done,High,"As a Manager, I want to create a new requisition, so that I can initiate hiring for an open position",components/requisition-overlay.tsx create/edit requisition sheet (TA-01),
Recruitment,Requisition List,RL-02,done,High,"As an HR admin, I want to view all requisitions with RRF id, department, work location, position, number of vacancies and hiring type, so that I can manage open hiring requests",requisition-columns.tsx + requisitions-tab.tsx table with id/dept/location/position/vacancies,
Recruitment,Requisition List,RL-03,done,High,"As an HR admin, I want to filter requisitions by status using the In Progress, Closed, Withdrawn, Rejected and All tabs, so that I can focus on requisitions at a particular stage",requisitions-tab.tsx statusFilter over REQUISITION_STATUSES (TA-03),
Recruitment,Requisition List,RL-04,done,Medium,"As an HR admin, I want to see the hiring type (New Join or Replacement) for each requisition, so that I understand the reason for the vacancy","Hiring As column+filter (requisition-columns.tsx, requisitions-tab.tsx); form field in requisition-overlay.tsx",
Recruitment,Requisition List,RL-05,done,Medium,"As an HR admin, I want to track requisition approval status and approver, so that I know whether a requisition is approved and by whom",requisitions-tab.tsx multi-level approvals with approver name/role/decision (TA-02),
Recruitment,Requisition List,RL-06,partial,Low,"As an HR admin, I want to refresh and page through the requisition list, so that I can review all requisitions with up-to-date data",Live state list,No Refresh button or pagination controls
Recruitment,Schedule Interview,HSI-01,done,High,"As a Recruiter, I want to view candidates ready to have interviews scheduled with their current round status, so that I can plan the next interview",hiring-pipeline-tab.tsx interview stage view with roundsConfigs,
Recruitment,Schedule Interview,HSI-02,done,High,"As a Recruiter, I want to schedule mass interviews for multiple candidates at once, so that I can efficiently arrange interviews across the pipeline",schedule-interview-dialog.tsx mass interview scheduling for selected candidates,
Recruitment,Schedule Interview,HSI-03,done,High,"As a Recruiter, I want to search candidates by name, so that I can quickly find a candidate to schedule an interview for",hiring-pipeline-tab.tsx name search,
Recruitment,Schedule Interview,HSI-04,partial,Medium,"As a Recruiter, I want to page through the candidate list, so that I can review all 52 candidates across pages",Full list in one table,No pagination controls
Recruitment,Schedule Interview,HSI-05,partial,Medium,"As a Recruiter, I want to refresh the list, so that I see the latest interview scheduling statuses",Live state list,No explicit Refresh control
Recruitment,Talent Pool,TP-01,done,High,"As a Recruiter, I want to add a new resume to the talent pool, so that I can build a bank of candidates for future roles",talent-pool-tab.tsx 'Add Candidate' dialog → resume bank,
Recruitment,Talent Pool,TP-02,done,High,"As a Recruiter, I want to search candidates by name, position and folder, so that I can quickly find suitable candidates in the talent pool",talent-pool-tab.tsx search over skills/role/source/name (TA-05),
Recruitment,Talent Pool,TP-03,done,Medium,"As a Recruiter, I want to reset my search filters, so that I can start a new candidate search from the full list",talent-pool-tab.tsx resetFilters + Reset button,
Recruitment,Talent Pool,TP-04,done,High,"As a Recruiter, I want to filter candidates by review status using the Not Reviewed, Reviewed and All tabs, so that I can prioritise candidates who still need screening",talent-pool-tab.tsx review-status tabs with counts,
Recruitment,Talent Pool,TP-05,done,High,"As a Recruiter, I want to select candidates and assign them to folder(s), so that I can organise the talent pool by role or campaign","talent-pool-tab.tsx select rows → store.assignFolders(selected, folder)",
Recruitment,Talent Pool,TP-06,done,Medium,"As a Recruiter, I want to filter the pool by selecting one or more folders, so that I can view only candidates within a specific folder",talent-pool-tab.tsx folderFilter Select over TALENT_FOLDERS,
Recruitment,Talent Pool,TP-07,done,Medium,"As a Recruiter, I want to view candidate details including email, contact number, applied position, applied date, interview status, communication status and source, so that I can a","talent-pool-tab.tsx candidate table (contact, folders, applied, status, source, resume)",
__root__Configuration,Configuration,CFG-01,partial,High,"As an HR admin, I want a central Configuration hub that groups all HRMS settings by area, so that I can quickly find the setup screen I need",Config split per-module (attendance/recruitment/leave config tabs); Configuration screen in kensium-artifacts.ts,No central Configuration hub grouping all setup areas in one screen
__root__Configuration,Configuration,CFG-02,partial,High,"As an HR admin, I want to configure Organization settings such as Localization, Head Office, Location, Department and Role, so that the company structure is defined for the HRMS","features/departments, locations, roles-security, positions/data/org-config.ts","Localization and Head Office settings exist only as engine artifacts, no UI"
__root__Configuration,Configuration,CFG-03,done,High,"As an HR admin, I want to configure Employee Management options like Access Permissions, Joining Checklist and User Defined Fields, so that employee records and onboarding are gove","features/custom-fields (UDF), roles-security (access perms), employees/components/lifecycle/onboarding-tabs.tsx (checklist)",
__root__Configuration,Configuration,CFG-04,done,Medium,"As an HR admin, I want to set up Recruitment configuration such as Interview Rounds, Interview Panels and Offer Approvers, so that the hiring workflow follows company policy","features/recruitment/components/config-hiring.tsx (rounds, panels, offer approvers)",
__root__Configuration,Configuration,CFG-05,done,Medium,"As an HR admin, I want to configure Attendance Tracking options like Tracking Mode, Break, Rule and Work From Home Settings, so that attendance is captured according to policy","features/attendance/components/config-tab.tsx, config-policies.tsx, tracking-mode-dialog.tsx",
__root__Configuration,Configuration,CFG-06,done,Medium,"As an HR admin, I want to configure Leave Management including Paid Time Off, Holiday Calendar and Time Off Approvers, so that leave policies are enforced consistently","features/leave/components/config-holidays.tsx, use-leave-settings.ts; workflows/approver-groups-tab.tsx",
__root__Configuration,Configuration,CFG-07,done,Medium,"As an HR admin, I want to configure Exit Management including Exit Questionnaire, Exit Tasks and Exit Approvers, so that employee offboarding is handled properly","features/lifecycle/components/config-exit.tsx + config-exit-flow.tsx (questionnaire, tasks, approvers)",
__root__Configuration,Configuration,CFG-08,partial,Medium,"As a System admin, I want to manage integrations and alerts such as Acumatica Integration, Wrike Integration and Configure Alerts, so that the HRMS connects to external systems and",platform-admin/components/integrations-cards.tsx; notifications/components/alerts-tab.tsx,"Acumatica and Wrike integrations exist only as engine artifacts, no dedicated UI"
__root__Configuration,Configuration,CFG-09,done,Medium,"As a System admin, I want to import data and review the Import Data Log, so that I can load records in bulk and audit the results",features/data-management/components/import-wizard.tsx + import-log-tab.tsx,
__root__Home,Home,HOME-01,partial,High,"As an Employee, I want to see Announcements on the Home screen, so that I stay informed about company updates","Announcements shown in self-service/components/overview-tab.tsx, not on dashboard/index.tsx home",No Announcements section on the actual Home/dashboard landing page
__root__Home,Home,HOME-02,done,Medium,"As an Employee, I want the Home screen to act as my landing page after login, so that I can access key information in one place","features/dashboard/index.tsx is the landing page with module grid, stats, role-aware content",
